RFRFFGWAFMHBFHYJ,ahd bla,100
RFRFFGWAFMHBFHYJ,blr anekal,23.4
RFRFFGWAFMHBFHYJ,blr jigni,15.6
RFRFFGWAFMHBFHYJ,mum ant,93.8
RFRFFGWAFMHBFHYJ,mum pdg,40.2
RFRFFGWAFMHBFHYJ,chn thv,47
RFRFFGWAFMHBFHYJ,Del jjr,31.8
RFRFFGWAFMHBFHYJ,del tauru01,15.9
RFRFFGWAFMHBFHYJ,del tauru 04,5.3
RFRFFGWAFMHBFHYJ,noi gtm,16
RFRFFGWAFMHBFHYJ,Guwahati,10
RFRFFGWAFMHBFHYJ,hyd kpr,47
RFRFFGWAFMHBFHYJ,hyd mrb02,28.2
RFRFFGWAFMHBFHYJ,hyd mrb03,18.8
RFRFFGWAFMHBFHYJ,kol hoogly,43.8
RFRFFGWAFMHBFHYJ,kol mlb,29.2
RFRFFGWAFMHBFHYJ,lko ntk,6
RFRFFGWAFMHBFHYJ,Patna,10
RFRFFGWAFMHBFHYJ,cjb mdk,17
RFRFFGWAFMHBFHYJ,luh mdp,0
RFRFFGWADUNHN6ZG,ahd bla,20
RFRFFGWADUNHN6ZG,blr anekal,32.4
RFRFFGWADUNHN6ZG,blr jigni,21.6
RFRFFGWADUNHN6ZG,mum ant,49.7
RFRFFGWADUNHN6ZG,mum pdg,21.3
RFRFFGWADUNHN6ZG,chn thv,17
RFRFFGWADUNHN6ZG,Del jjr,52.8
RFRFFGWADUNHN6ZG,del tauru01,26.4
RFRFFGWADUNHN6ZG,del tauru 04,8.8
RFRFFGWADUNHN6ZG,noi gtm,30
RFRFFGWADUNHN6ZG,Guwahati,0
RFRFFGWADUNHN6ZG,hyd kpr,31.5
RFRFFGWADUNHN6ZG,hyd mrb02,18.9
RFRFFGWADUNHN6ZG,hyd mrb03,12.6
RFRFFGWADUNHN6ZG,kol hoogly,0
RFRFFGWADUNHN6ZG,kol mlb,0
RFRFFGWADUNHN6ZG,lko ntk,3
RFRFFGWADUNHN6ZG,Patna,7
RFRFFGWADUNHN6ZG,cjb mdk,13
RFRFFGWADUNHN6ZG,luh mdp,0
RFRFE59UMPRD657A,ahd bla,12
RFRFE59UMPRD657A,blr anekal,31.2
RFRFE59UMPRD657A,blr jigni,20.8
RFRFE59UMPRD657A,mum ant,27.3
RFRFE59UMPRD657A,mum pdg,11.7
RFRFE59UMPRD657A,chn thv,29
RFRFE59UMPRD657A,Del jjr,14.4
RFRFE59UMPRD657A,del tauru01,7.2
RFRFE59UMPRD657A,del tauru 04,2.4
RFRFE59UMPRD657A,noi gtm,11
RFRFE59UMPRD657A,Guwahati,3
RFRFE59UMPRD657A,hyd kpr,23.5
RFRFE59UMPRD657A,hyd mrb02,14.1
RFRFE59UMPRD657A,hyd mrb03,9.4
RFRFE59UMPRD657A,kol hoogly,22.2
RFRFE59UMPRD657A,kol mlb,14.8
RFRFE59UMPRD657A,lko ntk,4
RFRFE59UMPRD657A,Patna,8
RFRFE59UMPRD657A,cjb mdk,12
RFRFE59UMPRD657A,luh mdp,12
RFRFG25SZZV9SBSN,ahd bla,10
RFRFG25SZZV9SBSN,blr anekal,24
RFRFG25SZZV9SBSN,blr jigni,16
RFRFG25SZZV9SBSN,mum ant,7
RFRFG25SZZV9SBSN,mum pdg,3
RFRFG25SZZV9SBSN,chn thv,15
RFRFG25SZZV9SBSN,Del jjr,30
RFRFG25SZZV9SBSN,del tauru01,15
RFRFG25SZZV9SBSN,del tauru 04,5
RFRFG25SZZV9SBSN,noi gtm,10
RFRFG25SZZV9SBSN,Guwahati,0
RFRFG25SZZV9SBSN,hyd kpr,20
RFRFG25SZZV9SBSN,hyd mrb02,12
RFRFG25SZZV9SBSN,hyd mrb03,8
RFRFG25SZZV9SBSN,kol hoogly,18
RFRFG25SZZV9SBSN,kol mlb,12
RFRFG25SZZV9SBSN,lko ntk,10
RFRFG25SZZV9SBSN,Patna,50
RFRFG25SZZV9SBSN,cjb mdk,10
RFRFG25SZZV9SBSN,luh mdp,10
RFRFG25SB9PMUZG4,ahd bla,10
RFRFG25SB9PMUZG4,blr anekal,24
RFRFG25SB9PMUZG4,blr jigni,16
RFRFG25SB9PMUZG4,mum ant,7
RFRFG25SB9PMUZG4,mum pdg,3
RFRFG25SB9PMUZG4,chn thv,15
RFRFG25SB9PMUZG4,Del jjr,30
RFRFG25SB9PMUZG4,del tauru01,15
RFRFG25SB9PMUZG4,del tauru 04,5
RFRFG25SB9PMUZG4,noi gtm,10
RFRFG25SB9PMUZG4,Guwahati,0
RFRFG25SB9PMUZG4,hyd kpr,20
RFRFG25SB9PMUZG4,hyd mrb02,12
RFRFG25SB9PMUZG4,hyd mrb03,8
RFRFG25SB9PMUZG4,kol hoogly,18
RFRFG25SB9PMUZG4,kol mlb,12
RFRFG25SB9PMUZG4,lko ntk,10
RFRFG25SB9PMUZG4,Patna,50
RFRFG25SB9PMUZG4,cjb mdk,10
RFRFG25SB9PMUZG4,luh mdp,10
RFRFFGWARYJJBFSG,ahd bla,34
RFRFFGWARYJJBFSG,blr anekal,21
RFRFFGWARYJJBFSG,blr jigni,14
RFRFFGWARYJJBFSG,mum ant,7
RFRFFGWARYJJBFSG,mum pdg,3
RFRFFGWARYJJBFSG,chn thv,10
RFRFFGWARYJJBFSG,Del jjr,63
RFRFFGWARYJJBFSG,del tauru01,31.5
RFRFFGWARYJJBFSG,del tauru 04,10.5
RFRFFGWARYJJBFSG,noi gtm,14
RFRFFGWARYJJBFSG,Guwahati,0
RFRFFGWARYJJBFSG,hyd kpr,2.5
RFRFFGWARYJJBFSG,hyd mrb02,1.5
RFRFFGWARYJJBFSG,hyd mrb03,1
RFRFFGWARYJJBFSG,kol hoogly,12
RFRFFGWARYJJBFSG,kol mlb,8
RFRFFGWARYJJBFSG,lko ntk,5
RFRFFGWARYJJBFSG,Patna,5
RFRFFGWARYJJBFSG,cjb mdk,5
RFRFFGWARYJJBFSG,luh mdp,0
RFRF3HZZVQ4AHRZF,ahd bla,30
RFRF3HZZVQ4AHRZF,blr anekal,18
RFRF3HZZVQ4AHRZF,blr jigni,12
RFRF3HZZVQ4AHRZF,mum ant,10.5
RFRF3HZZVQ4AHRZF,mum pdg,4.5
RFRF3HZZVQ4AHRZF,chn thv,6
RFRF3HZZVQ4AHRZF,Del jjr,7.2
RFRF3HZZVQ4AHRZF,del tauru01,3.6
RFRF3HZZVQ4AHRZF,del tauru 04,1.2
RFRF3HZZVQ4AHRZF,noi gtm,7
RFRF3HZZVQ4AHRZF,Guwahati,18
RFRF3HZZVQ4AHRZF,hyd kpr,30.5
RFRF3HZZVQ4AHRZF,hyd mrb02,18.3
RFRF3HZZVQ4AHRZF,hyd mrb03,12.2
RFRF3HZZVQ4AHRZF,kol hoogly,2.4
RFRF3HZZVQ4AHRZF,kol mlb,1.6
RFRF3HZZVQ4AHRZF,lko ntk,6
RFRF3HZZVQ4AHRZF,Patna,11
RFRF3HZZVQ4AHRZF,cjb mdk,7
RFRF3HZZVQ4AHRZF,luh mdp,0
RFRF7ZXYXHYZNMY7,ahd bla,17
RFRF7ZXYXHYZNMY7,blr anekal,10.2
RFRF7ZXYXHYZNMY7,blr jigni,6.8
RFRF7ZXYXHYZNMY7,mum ant,17.5
RFRF7ZXYXHYZNMY7,mum pdg,7.5
RFRF7ZXYXHYZNMY7,chn thv,40
RFRF7ZXYXHYZNMY7,Del jjr,10.2
RFRF7ZXYXHYZNMY7,del tauru01,5.1
RFRF7ZXYXHYZNMY7,del tauru 04,1.7
RFRF7ZXYXHYZNMY7,noi gtm,14
RFRF7ZXYXHYZNMY7,Guwahati,5
RFRF7ZXYXHYZNMY7,hyd kpr,10
RFRF7ZXYXHYZNMY7,hyd mrb02,6
RFRF7ZXYXHYZNMY7,hyd mrb03,4
RFRF7ZXYXHYZNMY7,kol hoogly,5.4
RFRF7ZXYXHYZNMY7,kol mlb,3.6
RFRF7ZXYXHYZNMY7,lko ntk,12
RFRF7ZXYXHYZNMY7,Patna,5
RFRF7ZXYXHYZNMY7,cjb mdk,4
RFRF7ZXYXHYZNMY7,luh mdp,14
RFRFFGWAK9VPNP3F,ahd bla,18
RFRFFGWAK9VPNP3F,blr anekal,18
RFRFFGWAK9VPNP3F,blr jigni,12
RFRFFGWAK9VPNP3F,mum ant,39.2
RFRFFGWAK9VPNP3F,mum pdg,16.8
RFRFFGWAK9VPNP3F,chn thv,8
RFRFFGWAK9VPNP3F,Del jjr,24
RFRFFGWAK9VPNP3F,del tauru01,12
RFRFFGWAK9VPNP3F,del tauru 04,4
RFRFFGWAK9VPNP3F,noi gtm,10
RFRFFGWAK9VPNP3F,Guwahati,0
RFRFFGWAK9VPNP3F,hyd kpr,7.5
RFRFFGWAK9VPNP3F,hyd mrb02,4.5
RFRFFGWAK9VPNP3F,hyd mrb03,3
RFRFFGWAK9VPNP3F,kol hoogly,0
RFRFFGWAK9VPNP3F,kol mlb,0
RFRFFGWAK9VPNP3F,lko ntk,0
RFRFFGWAK9VPNP3F,Patna,10
RFRFFGWAK9VPNP3F,cjb mdk,10
RFRFFGWAK9VPNP3F,luh mdp,0
RFRFE59UMBXTJNMH,ahd bla,6
RFRFE59UMBXTJNMH,blr anekal,9
RFRFE59UMBXTJNMH,blr jigni,6
RFRFE59UMBXTJNMH,mum ant,28
RFRFE59UMBXTJNMH,mum pdg,12
RFRFE59UMBXTJNMH,chn thv,8
RFRFE59UMBXTJNMH,Del jjr,13.2
RFRFE59UMBXTJNMH,del tauru01,6.6
RFRFE59UMBXTJNMH,del tauru 04,2.2
RFRFE59UMBXTJNMH,noi gtm,20
RFRFE59UMBXTJNMH,Guwahati,1
RFRFE59UMBXTJNMH,hyd kpr,18
RFRFE59UMBXTJNMH,hyd mrb02,10.8
RFRFE59UMBXTJNMH,hyd mrb03,7.2
RFRFE59UMBXTJNMH,kol hoogly,9
RFRFE59UMBXTJNMH,kol mlb,6
RFRFE59UMBXTJNMH,lko ntk,4
RFRFE59UMBXTJNMH,Patna,7
RFRFE59UMBXTJNMH,cjb mdk,7
RFRFE59UMBXTJNMH,luh mdp,4
RFRESXY9SYZSMRX2,ahd bla,11
RFRESXY9SYZSMRX2,blr anekal,7.2
RFRESXY9SYZSMRX2,blr jigni,4.8
RFRESXY9SYZSMRX2,mum ant,21.7
RFRESXY9SYZSMRX2,mum pdg,9.3
RFRESXY9SYZSMRX2,chn thv,15
RFRESXY9SYZSMRX2,Del jjr,24
RFRESXY9SYZSMRX2,del tauru01,12
RFRESXY9SYZSMRX2,del tauru 04,4
RFRESXY9SYZSMRX2,noi gtm,21
RFRESXY9SYZSMRX2,Guwahati,6
RFRESXY9SYZSMRX2,hyd kpr,0.5
RFRESXY9SYZSMRX2,hyd mrb02,0.3
RFRESXY9SYZSMRX2,hyd mrb03,0.2
RFRESXY9SYZSMRX2,kol hoogly,7.2
RFRESXY9SYZSMRX2,kol mlb,4.8
RFRESXY9SYZSMRX2,lko ntk,4
RFRESXY9SYZSMRX2,Patna,9
RFRESXY9SYZSMRX2,cjb mdk,12
RFRESXY9SYZSMRX2,luh mdp,5
RFRFE59UMHP9FHHX,ahd bla,24
RFRFE59UMHP9FHHX,blr anekal,10.2
RFRFE59UMHP9FHHX,blr jigni,6.8
RFRFE59UMHP9FHHX,mum ant,16.8
RFRFE59UMHP9FHHX,mum pdg,7.2
RFRFE59UMHP9FHHX,chn thv,15
RFRFE59UMHP9FHHX,Del jjr,6.6
RFRFE59UMHP9FHHX,del tauru01,3.3
RFRFE59UMHP9FHHX,del tauru 04,1.1
RFRFE59UMHP9FHHX,noi gtm,10
RFRFE59UMHP9FHHX,Guwahati,2
RFRFE59UMHP9FHHX,hyd kpr,12
RFRFE59UMHP9FHHX,hyd mrb02,7.2
RFRFE59UMHP9FHHX,hyd mrb03,4.8
RFRFE59UMHP9FHHX,kol hoogly,6
RFRFE59UMHP9FHHX,kol mlb,4
RFRFE59UMHP9FHHX,lko ntk,15
RFRFE59UMHP9FHHX,Patna,5
RFRFE59UMHP9FHHX,cjb mdk,15
RFRFE59UMHP9FHHX,luh mdp,4
RFREZAZZHPCMBGXT,ahd bla,33
RFREZAZZHPCMBGXT,blr anekal,25.2
RFREZAZZHPCMBGXT,blr jigni,16.8
RFREZAZZHPCMBGXT,mum ant,2.1
RFREZAZZHPCMBGXT,mum pdg,0.9
RFREZAZZHPCMBGXT,chn thv,10
RFREZAZZHPCMBGXT,Del jjr,0
RFREZAZZHPCMBGXT,del tauru01,0
RFREZAZZHPCMBGXT,del tauru 04,0
RFREZAZZHPCMBGXT,noi gtm,4
RFREZAZZHPCMBGXT,Guwahati,11
RFREZAZZHPCMBGXT,hyd kpr,1.5
RFREZAZZHPCMBGXT,hyd mrb02,0.9
RFREZAZZHPCMBGXT,hyd mrb03,0.6
RFREZAZZHPCMBGXT,kol hoogly,0
RFREZAZZHPCMBGXT,kol mlb,0
RFREZAZZHPCMBGXT,lko ntk,3
RFREZAZZHPCMBGXT,Patna,14
RFREZAZZHPCMBGXT,cjb mdk,7
RFREZAZZHPCMBGXT,luh mdp,33
RFRFFGWAFSGCGZTD,ahd bla,15
RFRFFGWAFSGCGZTD,blr anekal,9.6
RFRFFGWAFSGCGZTD,blr jigni,6.4
RFRFFGWAFSGCGZTD,mum ant,28
RFRFFGWAFSGCGZTD,mum pdg,12
RFRFFGWAFSGCGZTD,chn thv,14
RFRFFGWAFSGCGZTD,Del jjr,12
RFRFFGWAFSGCGZTD,del tauru01,6
RFRFFGWAFSGCGZTD,del tauru 04,2
RFRFFGWAFSGCGZTD,noi gtm,12
RFRFFGWAFSGCGZTD,Guwahati,0
RFRFFGWAFSGCGZTD,hyd kpr,15
RFRFFGWAFSGCGZTD,hyd mrb02,9
RFRFFGWAFSGCGZTD,hyd mrb03,6
RFRFFGWAFSGCGZTD,kol hoogly,2.4
RFRFFGWAFSGCGZTD,kol mlb,1.6
RFRFFGWAFSGCGZTD,lko ntk,0
RFRFFGWAFSGCGZTD,Patna,10
RFRFFGWAFSGCGZTD,cjb mdk,0
RFRFFGWAFSGCGZTD,luh mdp,0
RFRFFGWAPYCUJ2BY,ahd bla,10
RFRFFGWAPYCUJ2BY,blr anekal,12.6
RFRFFGWAPYCUJ2BY,blr jigni,8.4
RFRFFGWAPYCUJ2BY,mum ant,18.2
RFRFFGWAPYCUJ2BY,mum pdg,7.8
RFRFFGWAPYCUJ2BY,chn thv,12
RFRFFGWAPYCUJ2BY,Del jjr,15.6
RFRFFGWAPYCUJ2BY,del tauru01,7.8
RFRFFGWAPYCUJ2BY,del tauru 04,2.6
RFRFFGWAPYCUJ2BY,noi gtm,10
RFRFFGWAPYCUJ2BY,Guwahati,0
RFRFFGWAPYCUJ2BY,hyd kpr,13.5
RFRFFGWAPYCUJ2BY,hyd mrb02,8.1
RFRFFGWAPYCUJ2BY,hyd mrb03,5.4
RFRFFGWAPYCUJ2BY,kol hoogly,8.4
RFRFFGWAPYCUJ2BY,kol mlb,5.6
RFRFFGWAPYCUJ2BY,lko ntk,10
RFRFFGWAPYCUJ2BY,Patna,2
RFRFFGWAPYCUJ2BY,cjb mdk,0
RFRFFGWAPYCUJ2BY,luh mdp,0
RFRFD94WE9UYX8R4,ahd bla,6
RFRFD94WE9UYX8R4,blr anekal,7.2
RFRFD94WE9UYX8R4,blr jigni,4.8
RFRFD94WE9UYX8R4,mum ant,41.3
RFRFD94WE9UYX8R4,mum pdg,17.7
RFRFD94WE9UYX8R4,chn thv,12
RFRFD94WE9UYX8R4,Del jjr,0.6
RFRFD94WE9UYX8R4,del tauru01,0.3
RFRFD94WE9UYX8R4,del tauru 04,0.1
RFRFD94WE9UYX8R4,noi gtm,9
RFRFD94WE9UYX8R4,Guwahati,0
RFRFD94WE9UYX8R4,hyd kpr,14.5
RFRFD94WE9UYX8R4,hyd mrb02,8.7
RFRFD94WE9UYX8R4,hyd mrb03,5.8
RFRFD94WE9UYX8R4,kol hoogly,4.8
RFRFD94WE9UYX8R4,kol mlb,3.2
RFRFD94WE9UYX8R4,lko ntk,4
RFRFD94WE9UYX8R4,Patna,1
RFRFD94WE9UYX8R4,cjb mdk,12
RFRFD94WE9UYX8R4,luh mdp,2
RFRFFGWADAZ6SXFZ,ahd bla,16
RFRFFGWADAZ6SXFZ,blr anekal,0
RFRFFGWADAZ6SXFZ,blr jigni,0
RFRFFGWADAZ6SXFZ,mum ant,31.5
RFRFFGWADAZ6SXFZ,mum pdg,13.5
RFRFFGWADAZ6SXFZ,chn thv,11
RFRFFGWADAZ6SXFZ,Del jjr,15.6
RFRFFGWADAZ6SXFZ,del tauru01,7.8
RFRFFGWADAZ6SXFZ,del tauru 04,2.6
RFRFFGWADAZ6SXFZ,noi gtm,6
RFRFFGWADAZ6SXFZ,Guwahati,0
RFRFFGWADAZ6SXFZ,hyd kpr,15
RFRFFGWADAZ6SXFZ,hyd mrb02,9
RFRFFGWADAZ6SXFZ,hyd mrb03,6
RFRFFGWADAZ6SXFZ,kol hoogly,7.2
RFRFFGWADAZ6SXFZ,kol mlb,4.8
RFRFFGWADAZ6SXFZ,lko ntk,0
RFRFFGWADAZ6SXFZ,Patna,2
RFRFFGWADAZ6SXFZ,cjb mdk,0
RFRFFGWADAZ6SXFZ,luh mdp,0
RFRF7ZXYCJ56KVFX,ahd bla,15
RFRF7ZXYCJ56KVFX,blr anekal,5.4
RFRF7ZXYCJ56KVFX,blr jigni,3.6
RFRF7ZXYCJ56KVFX,mum ant,14.7
RFRF7ZXYCJ56KVFX,mum pdg,6.3
RFRF7ZXYCJ56KVFX,chn thv,29
RFRF7ZXYCJ56KVFX,Del jjr,6
RFRF7ZXYCJ56KVFX,del tauru01,3
RFRF7ZXYCJ56KVFX,del tauru 04,1
RFRF7ZXYCJ56KVFX,noi gtm,6
RFRF7ZXYCJ56KVFX,Guwahati,7
RFRF7ZXYCJ56KVFX,hyd kpr,8.5
RFRF7ZXYCJ56KVFX,hyd mrb02,5.1
RFRF7ZXYCJ56KVFX,hyd mrb03,3.4
RFRF7ZXYCJ56KVFX,kol hoogly,0.6
RFRF7ZXYCJ56KVFX,kol mlb,0.4
RFRF7ZXYCJ56KVFX,lko ntk,9
RFRF7ZXYCJ56KVFX,Patna,1
RFRF7ZXYCJ56KVFX,cjb mdk,8
RFRF7ZXYCJ56KVFX,luh mdp,4
RFRFD94WUMZMMHMF,ahd bla,1
RFRFD94WUMZMMHMF,blr anekal,8.4
RFRFD94WUMZMMHMF,blr jigni,5.6
RFRFD94WUMZMMHMF,mum ant,0.7
RFRFD94WUMZMMHMF,mum pdg,0.3
RFRFD94WUMZMMHMF,chn thv,9
RFRFD94WUMZMMHMF,Del jjr,6
RFRFD94WUMZMMHMF,del tauru01,3
RFRFD94WUMZMMHMF,del tauru 04,1
RFRFD94WUMZMMHMF,noi gtm,10
RFRFD94WUMZMMHMF,Guwahati,11
RFRFD94WUMZMMHMF,hyd kpr,11
RFRFD94WUMZMMHMF,hyd mrb02,6.6
RFRFD94WUMZMMHMF,hyd mrb03,4.4
RFRFD94WUMZMMHMF,kol hoogly,1.2
RFRFD94WUMZMMHMF,kol mlb,0.8
RFRFD94WUMZMMHMF,lko ntk,6
RFRFD94WUMZMMHMF,Patna,4
RFRFD94WUMZMMHMF,cjb mdk,24
RFRFD94WUMZMMHMF,luh mdp,7
RFRFD94WGGRWWFVY,ahd bla,6
RFRFD94WGGRWWFVY,blr anekal,12
RFRFD94WGGRWWFVY,blr jigni,8
RFRFD94WGGRWWFVY,mum ant,2.8
RFRFD94WGGRWWFVY,mum pdg,1.2
RFRFD94WGGRWWFVY,chn thv,12
RFRFD94WGGRWWFVY,Del jjr,1.8
RFRFD94WGGRWWFVY,del tauru01,0.9
RFRFD94WGGRWWFVY,del tauru 04,0.3
RFRFD94WGGRWWFVY,noi gtm,13
RFRFD94WGGRWWFVY,Guwahati,6
RFRFD94WGGRWWFVY,hyd kpr,10
RFRFD94WGGRWWFVY,hyd mrb02,6
RFRFD94WGGRWWFVY,hyd mrb03,4
RFRFD94WGGRWWFVY,kol hoogly,12.6
RFRFD94WGGRWWFVY,kol mlb,8.4
RFRFD94WGGRWWFVY,lko ntk,8
RFRFD94WGGRWWFVY,Patna,2
RFRFD94WGGRWWFVY,cjb mdk,2
RFRFD94WGGRWWFVY,luh mdp,0
RFREZAZZ25GGCHNF,ahd bla,31
RFREZAZZ25GGCHNF,blr anekal,3.6
RFREZAZZ25GGCHNF,blr jigni,2.4
RFREZAZZ25GGCHNF,mum ant,0.7
RFREZAZZ25GGCHNF,mum pdg,0.3
RFREZAZZ25GGCHNF,chn thv,10
RFREZAZZ25GGCHNF,Del jjr,5.4
RFREZAZZ25GGCHNF,del tauru01,2.7
RFREZAZZ25GGCHNF,del tauru 04,0.9
RFREZAZZ25GGCHNF,noi gtm,5
RFREZAZZ25GGCHNF,Guwahati,27
RFREZAZZ25GGCHNF,hyd kpr,1
RFREZAZZ25GGCHNF,hyd mrb02,0.6
RFREZAZZ25GGCHNF,hyd mrb03,0.4
RFREZAZZ25GGCHNF,kol hoogly,0
RFREZAZZ25GGCHNF,kol mlb,0
RFREZAZZ25GGCHNF,lko ntk,7
RFREZAZZ25GGCHNF,Patna,9
RFREZAZZ25GGCHNF,cjb mdk,9
RFREZAZZ25GGCHNF,luh mdp,1
RFREWV7YGFCJZCQZ,ahd bla,0
RFREWV7YGFCJZCQZ,blr anekal,17.4
RFREWV7YGFCJZCQZ,blr jigni,11.6
RFREWV7YGFCJZCQZ,mum ant,2.8
RFREWV7YGFCJZCQZ,mum pdg,1.2
RFREWV7YGFCJZCQZ,chn thv,13
RFREWV7YGFCJZCQZ,Del jjr,10.8
RFREWV7YGFCJZCQZ,del tauru01,5.4
RFREWV7YGFCJZCQZ,del tauru 04,1.8
RFREWV7YGFCJZCQZ,noi gtm,2
RFREWV7YGFCJZCQZ,Guwahati,19
RFREWV7YGFCJZCQZ,hyd kpr,3
RFREWV7YGFCJZCQZ,hyd mrb02,1.8
RFREWV7YGFCJZCQZ,hyd mrb03,1.2
RFREWV7YGFCJZCQZ,kol hoogly,3
RFREWV7YGFCJZCQZ,kol mlb,2
RFREWV7YGFCJZCQZ,lko ntk,4
RFREWV7YGFCJZCQZ,Patna,2
RFREWV7YGFCJZCQZ,cjb mdk,6
RFREWV7YGFCJZCQZ,luh mdp,2
RFRFFFD8GTG43J7W,ahd bla,2
RFRFFFD8GTG43J7W,blr anekal,4.2
RFRFFFD8GTG43J7W,blr jigni,2.8
RFRFFFD8GTG43J7W,mum ant,2.1
RFRFFFD8GTG43J7W,mum pdg,0.9
RFRFFFD8GTG43J7W,chn thv,2
RFRFFFD8GTG43J7W,Del jjr,19.2
RFRFFFD8GTG43J7W,del tauru01,9.6
RFRFFFD8GTG43J7W,del tauru 04,3.2
RFRFFFD8GTG43J7W,noi gtm,1
RFRFFFD8GTG43J7W,Guwahati,7
RFRFFFD8GTG43J7W,hyd kpr,0
RFRFFFD8GTG43J7W,hyd mrb02,0
RFRFFFD8GTG43J7W,hyd mrb03,0
RFRFFFD8GTG43J7W,kol hoogly,0
RFRFFFD8GTG43J7W,kol mlb,0
RFRFFFD8GTG43J7W,lko ntk,18
RFRFFFD8GTG43J7W,Patna,0
RFRFFFD8GTG43J7W,cjb mdk,5
RFRFFFD8GTG43J7W,luh mdp,1
RFRF3ZUT3DEP5DH2,ahd bla,3
RFRF3ZUT3DEP5DH2,blr anekal,3
RFRF3ZUT3DEP5DH2,blr jigni,2
RFRF3ZUT3DEP5DH2,mum ant,2.1
RFRF3ZUT3DEP5DH2,mum pdg,0.9
RFRF3ZUT3DEP5DH2,chn thv,1
RFRF3ZUT3DEP5DH2,Del jjr,0
RFRF3ZUT3DEP5DH2,del tauru01,0
RFRF3ZUT3DEP5DH2,del tauru 04,0
RFRF3ZUT3DEP5DH2,noi gtm,3
RFRF3ZUT3DEP5DH2,Guwahati,14
RFRF3ZUT3DEP5DH2,hyd kpr,0
RFRF3ZUT3DEP5DH2,hyd mrb02,0
RFRF3ZUT3DEP5DH2,hyd mrb03,0
RFRF3ZUT3DEP5DH2,kol hoogly,3
RFRF3ZUT3DEP5DH2,kol mlb,2
RFRF3ZUT3DEP5DH2,lko ntk,17
RFRF3ZUT3DEP5DH2,Patna,11
RFRF3ZUT3DEP5DH2,cjb mdk,2
RFRF3ZUT3DEP5DH2,luh mdp,9
RFRF3ZUUFE7BNQGQ,ahd bla,16
RFRF3ZUUFE7BNQGQ,blr anekal,4.2
RFRF3ZUUFE7BNQGQ,blr jigni,2.8
RFRF3ZUUFE7BNQGQ,mum ant,1.4
RFRF3ZUUFE7BNQGQ,mum pdg,0.6
RFRF3ZUUFE7BNQGQ,chn thv,7
RFRF3ZUUFE7BNQGQ,Del jjr,3.6
RFRF3ZUUFE7BNQGQ,del tauru01,1.8
RFRF3ZUUFE7BNQGQ,del tauru 04,0.6
RFRF3ZUUFE7BNQGQ,noi gtm,1
RFRF3ZUUFE7BNQGQ,Guwahati,10
RFRF3ZUUFE7BNQGQ,hyd kpr,0.5
RFRF3ZUUFE7BNQGQ,hyd mrb02,0.3
RFRF3ZUUFE7BNQGQ,hyd mrb03,0.2
RFRF3ZUUFE7BNQGQ,kol hoogly,0.6
RFRF3ZUUFE7BNQGQ,kol mlb,0.4
RFRF3ZUUFE7BNQGQ,lko ntk,5
RFRF3ZUUFE7BNQGQ,Patna,0
RFRF3ZUUFE7BNQGQ,cjb mdk,2
RFRF3ZUUFE7BNQGQ,luh mdp,12
RFRFD94WYZA2AZQS,ahd bla,0
RFRFD94WYZA2AZQS,blr anekal,18
RFRFD94WYZA2AZQS,blr jigni,12
RFRFD94WYZA2AZQS,mum ant,16.8
RFRFD94WYZA2AZQS,mum pdg,7.2
RFRFD94WYZA2AZQS,chn thv,0
RFRFD94WYZA2AZQS,Del jjr,0
RFRFD94WYZA2AZQS,del tauru01,0
RFRFD94WYZA2AZQS,del tauru 04,0
RFRFD94WYZA2AZQS,noi gtm,0
RFRFD94WYZA2AZQS,Guwahati,0
RFRFD94WYZA2AZQS,hyd kpr,0.5
RFRFD94WYZA2AZQS,hyd mrb02,0.3
RFRFD94WYZA2AZQS,hyd mrb03,0.2
RFRFD94WYZA2AZQS,kol hoogly,0.6
RFRFD94WYZA2AZQS,kol mlb,0.4
RFRFD94WYZA2AZQS,lko ntk,4
RFRFD94WYZA2AZQS,Patna,4
RFRFD94WYZA2AZQS,cjb mdk,2
RFRFD94WYZA2AZQS,luh mdp,0
RFRF3HZZZNBTJDAN,ahd bla,1
RFRF3HZZZNBTJDAN,blr anekal,4.2
RFRF3HZZZNBTJDAN,blr jigni,2.8
RFRF3HZZZNBTJDAN,mum ant,1.4
RFRF3HZZZNBTJDAN,mum pdg,0.6
RFRF3HZZZNBTJDAN,chn thv,5
RFRF3HZZZNBTJDAN,Del jjr,0
RFRF3HZZZNBTJDAN,del tauru01,0
RFRF3HZZZNBTJDAN,del tauru 04,0
RFRF3HZZZNBTJDAN,noi gtm,4
RFRF3HZZZNBTJDAN,Guwahati,5
RFRF3HZZZNBTJDAN,hyd kpr,1
RFRF3HZZZNBTJDAN,hyd mrb02,0.6
RFRF3HZZZNBTJDAN,hyd mrb03,0.4
RFRF3HZZZNBTJDAN,kol hoogly,0
RFRF3HZZZNBTJDAN,kol mlb,0
RFRF3HZZZNBTJDAN,lko ntk,3
RFRF3HZZZNBTJDAN,Patna,6
RFRF3HZZZNBTJDAN,cjb mdk,3
RFRF3HZZZNBTJDAN,luh mdp,12
RFREWV7YF29R9UKM,ahd bla,1
RFREWV7YF29R9UKM,blr anekal,1.8
RFREWV7YF29R9UKM,blr jigni,1.2
RFREWV7YF29R9UKM,mum ant,0
RFREWV7YF29R9UKM,mum pdg,0
RFREWV7YF29R9UKM,chn thv,1
RFREWV7YF29R9UKM,Del jjr,1.8
RFREWV7YF29R9UKM,del tauru01,0.9
RFREWV7YF29R9UKM,del tauru 04,0.3
RFREWV7YF29R9UKM,noi gtm,2
RFREWV7YF29R9UKM,Guwahati,8
RFREWV7YF29R9UKM,hyd kpr,0
RFREWV7YF29R9UKM,hyd mrb02,0
RFREWV7YF29R9UKM,hyd mrb03,0
RFREWV7YF29R9UKM,kol hoogly,0.6
RFREWV7YF29R9UKM,kol mlb,0.4
RFREWV7YF29R9UKM,lko ntk,2
RFREWV7YF29R9UKM,Patna,14
RFREWV7YF29R9UKM,cjb mdk,11
RFREWV7YF29R9UKM,luh mdp,1
RFRFD94WWA4YRZSK,ahd bla,2
RFRFD94WWA4YRZSK,blr anekal,2.4
RFRFD94WWA4YRZSK,blr jigni,1.6
RFRFD94WWA4YRZSK,mum ant,0
RFRFD94WWA4YRZSK,mum pdg,0
RFRFD94WWA4YRZSK,chn thv,5
RFRFD94WWA4YRZSK,Del jjr,0
RFRFD94WWA4YRZSK,del tauru01,0
RFRFD94WWA4YRZSK,del tauru 04,0
RFRFD94WWA4YRZSK,noi gtm,2
RFRFD94WWA4YRZSK,Guwahati,0
RFRFD94WWA4YRZSK,hyd kpr,2
RFRFD94WWA4YRZSK,hyd mrb02,1.2
RFRFD94WWA4YRZSK,hyd mrb03,0.8
RFRFD94WWA4YRZSK,kol hoogly,4.2
RFRFD94WWA4YRZSK,kol mlb,2.8
RFRFD94WWA4YRZSK,lko ntk,1
RFRFD94WWA4YRZSK,Patna,1
RFRFD94WWA4YRZSK,cjb mdk,0
RFRFD94WWA4YRZSK,luh mdp,0
RFRFD94W2XACYHXJ,ahd bla,0
RFRFD94W2XACYHXJ,blr anekal,0
RFRFD94W2XACYHXJ,blr jigni,0
RFRFD94W2XACYHXJ,mum ant,0
RFRFD94W2XACYHXJ,mum pdg,0
RFRFD94W2XACYHXJ,chn thv,10
RFRFD94W2XACYHXJ,Del jjr,0
RFRFD94W2XACYHXJ,del tauru01,0
RFRFD94W2XACYHXJ,del tauru 04,0
RFRFD94W2XACYHXJ,noi gtm,0
RFRFD94W2XACYHXJ,Guwahati,0
RFRFD94W2XACYHXJ,hyd kpr,1.5
RFRFD94W2XACYHXJ,hyd mrb02,0.9
RFRFD94W2XACYHXJ,hyd mrb03,0.6
RFRFD94W2XACYHXJ,kol hoogly,0
RFRFD94W2XACYHXJ,kol mlb,0
RFRFD94W2XACYHXJ,lko ntk,1
RFRFD94W2XACYHXJ,Patna,0
RFRFD94W2XACYHXJ,cjb mdk,0
RFRFD94W2XACYHXJ,luh mdp,0
RFRF2PYQ6PBHRHMC,ahd bla,3
RFRF2PYQ6PBHRHMC,blr anekal,73.8
RFRF2PYQ6PBHRHMC,blr jigni,49.2
RFRF2PYQ6PBHRHMC,mum ant,144.9
RFRF2PYQ6PBHRHMC,mum pdg,62.1
RFRF2PYQ6PBHRHMC,chn thv,86
RFRF2PYQ6PBHRHMC,Del jjr,91.2
RFRF2PYQ6PBHRHMC,del tauru01,45.6
RFRF2PYQ6PBHRHMC,del tauru 04,15.2
RFRF2PYQ6PBHRHMC,noi gtm,0
RFRF2PYQ6PBHRHMC,Guwahati,0
RFRF2PYQ6PBHRHMC,hyd kpr,88
RFRF2PYQ6PBHRHMC,hyd mrb02,52.8
RFRF2PYQ6PBHRHMC,hyd mrb03,35.2
RFRF2PYQ6PBHRHMC,kol hoogly,32.4
RFRF2PYQ6PBHRHMC,kol mlb,21.6
RFRF2PYQ6PBHRHMC,lko ntk,3
RFRF2PYQ6PBHRHMC,Patna,32
RFRF2PYQ6PBHRHMC,cjb mdk,18
RFRF2PYQ6PBHRHMC,luh mdp,8
RFRF2PYQH59BZSXG,ahd bla,28
RFRF2PYQH59BZSXG,blr anekal,63.6
RFRF2PYQH59BZSXG,blr jigni,42.4
RFRF2PYQH59BZSXG,mum ant,111.3
RFRF2PYQH59BZSXG,mum pdg,47.7
RFRF2PYQH59BZSXG,chn thv,122
RFRF2PYQH59BZSXG,Del jjr,114
RFRF2PYQH59BZSXG,del tauru01,57
RFRF2PYQH59BZSXG,del tauru 04,19
RFRF2PYQH59BZSXG,noi gtm,0
RFRF2PYQH59BZSXG,Guwahati,8
RFRF2PYQH59BZSXG,hyd kpr,69
RFRF2PYQH59BZSXG,hyd mrb02,41.4
RFRF2PYQH59BZSXG,hyd mrb03,27.6
RFRF2PYQH59BZSXG,kol hoogly,51.6
RFRF2PYQH59BZSXG,kol mlb,34.4
RFRF2PYQH59BZSXG,lko ntk,0
RFRF2PYQH59BZSXG,Patna,11
RFRF2PYQH59BZSXG,cjb mdk,14
RFRF2PYQH59BZSXG,luh mdp,0
RFREAKWTVTP8GFJH,ahd bla,43
RFREAKWTVTP8GFJH,blr anekal,28.8
RFREAKWTVTP8GFJH,blr jigni,19.2
RFREAKWTVTP8GFJH,mum ant,81.9
RFREAKWTVTP8GFJH,mum pdg,35.1
RFREAKWTVTP8GFJH,chn thv,43
RFREAKWTVTP8GFJH,Del jjr,37.8
RFREAKWTVTP8GFJH,del tauru01,18.9
RFREAKWTVTP8GFJH,del tauru 04,6.3
RFREAKWTVTP8GFJH,noi gtm,30
RFREAKWTVTP8GFJH,Guwahati,12
RFREAKWTVTP8GFJH,hyd kpr,64
RFREAKWTVTP8GFJH,hyd mrb02,38.4
RFREAKWTVTP8GFJH,hyd mrb03,25.6
RFREAKWTVTP8GFJH,kol hoogly,37.8
RFREAKWTVTP8GFJH,kol mlb,25.2
RFREAKWTVTP8GFJH,lko ntk,24
RFREAKWTVTP8GFJH,Patna,0
RFREAKWTVTP8GFJH,cjb mdk,37
RFREAKWTVTP8GFJH,luh mdp,56
RFRFCGB2PB3DBURK,ahd bla,50
RFRFCGB2PB3DBURK,blr anekal,67.2
RFRFCGB2PB3DBURK,blr jigni,44.8
RFRFCGB2PB3DBURK,mum ant,129.5
RFRFCGB2PB3DBURK,mum pdg,55.5
RFRFCGB2PB3DBURK,chn thv,24
RFRFCGB2PB3DBURK,Del jjr,5.4
RFRFCGB2PB3DBURK,del tauru01,2.7
RFRFCGB2PB3DBURK,del tauru 04,0.9
RFRFCGB2PB3DBURK,noi gtm,52
RFRFCGB2PB3DBURK,Guwahati,22
RFRFCGB2PB3DBURK,hyd kpr,39
RFRFCGB2PB3DBURK,hyd mrb02,23.4
RFRFCGB2PB3DBURK,hyd mrb03,15.6
RFRFCGB2PB3DBURK,kol hoogly,0
RFRFCGB2PB3DBURK,kol mlb,0
RFRFCGB2PB3DBURK,lko ntk,0
RFRFCGB2PB3DBURK,Patna,2
RFRFCGB2PB3DBURK,cjb mdk,38
RFRFCGB2PB3DBURK,luh mdp,11
RFRET5HHMXBRGEYE,ahd bla,5
RFRET5HHMXBRGEYE,blr anekal,55.2
RFRET5HHMXBRGEYE,blr jigni,36.8
RFRET5HHMXBRGEYE,mum ant,67.2
RFRET5HHMXBRGEYE,mum pdg,28.8
RFRET5HHMXBRGEYE,chn thv,76
RFRET5HHMXBRGEYE,Del jjr,51
RFRET5HHMXBRGEYE,del tauru01,25.5
RFRET5HHMXBRGEYE,del tauru 04,8.5
RFRET5HHMXBRGEYE,noi gtm,2
RFRET5HHMXBRGEYE,Guwahati,5
RFRET5HHMXBRGEYE,hyd kpr,47.5
RFRET5HHMXBRGEYE,hyd mrb02,28.5
RFRET5HHMXBRGEYE,hyd mrb03,19
RFRET5HHMXBRGEYE,kol hoogly,48
RFRET5HHMXBRGEYE,kol mlb,32
RFRET5HHMXBRGEYE,lko ntk,4
RFRET5HHMXBRGEYE,Patna,0
RFRET5HHMXBRGEYE,cjb mdk,3
RFRET5HHMXBRGEYE,luh mdp,0
RFRE6A7DWQPG8KUY,ahd bla,11
RFRE6A7DWQPG8KUY,blr anekal,45
RFRE6A7DWQPG8KUY,blr jigni,30
RFRE6A7DWQPG8KUY,mum ant,46.9
RFRE6A7DWQPG8KUY,mum pdg,20.1
RFRE6A7DWQPG8KUY,chn thv,54
RFRE6A7DWQPG8KUY,Del jjr,27.6
RFRE6A7DWQPG8KUY,del tauru01,13.8
RFRE6A7DWQPG8KUY,del tauru 04,4.6
RFRE6A7DWQPG8KUY,noi gtm,4
RFRE6A7DWQPG8KUY,Guwahati,2
RFRE6A7DWQPG8KUY,hyd kpr,13
RFRE6A7DWQPG8KUY,hyd mrb02,7.8
RFRE6A7DWQPG8KUY,hyd mrb03,5.2
RFRE6A7DWQPG8KUY,kol hoogly,25.8
RFRE6A7DWQPG8KUY,kol mlb,17.2
RFRE6A7DWQPG8KUY,lko ntk,1
RFRE6A7DWQPG8KUY,Patna,2
RFRE6A7DWQPG8KUY,cjb mdk,6
RFRE6A7DWQPG8KUY,luh mdp,0
RFRFD94WJPZZP5CQ,ahd bla,7
RFRFD94WJPZZP5CQ,blr anekal,19.8
RFRFD94WJPZZP5CQ,blr jigni,13.2
RFRFD94WJPZZP5CQ,mum ant,49.7
RFRFD94WJPZZP5CQ,mum pdg,21.3
RFRFD94WJPZZP5CQ,chn thv,24
RFRFD94WJPZZP5CQ,Del jjr,60
RFRFD94WJPZZP5CQ,del tauru01,30
RFRFD94WJPZZP5CQ,del tauru 04,10
RFRFD94WJPZZP5CQ,noi gtm,0
RFRFD94WJPZZP5CQ,Guwahati,0
RFRFD94WJPZZP5CQ,hyd kpr,55.5
RFRFD94WJPZZP5CQ,hyd mrb02,33.3
RFRFD94WJPZZP5CQ,hyd mrb03,22.2
RFRFD94WJPZZP5CQ,kol hoogly,0
RFRFD94WJPZZP5CQ,kol mlb,0
RFRFD94WJPZZP5CQ,lko ntk,4
RFRFD94WJPZZP5CQ,Patna,0
RFRFD94WJPZZP5CQ,cjb mdk,8
RFRFD94WJPZZP5CQ,luh mdp,0
RFRF2PYQFEG49ZJX,ahd bla,16
RFRF2PYQFEG49ZJX,blr anekal,27.6
RFRF2PYQFEG49ZJX,blr jigni,18.4
RFRF2PYQFEG49ZJX,mum ant,39.9
RFRF2PYQFEG49ZJX,mum pdg,17.1
RFRF2PYQFEG49ZJX,chn thv,95
RFRF2PYQFEG49ZJX,Del jjr,12.6
RFRF2PYQFEG49ZJX,del tauru01,6.3
RFRF2PYQFEG49ZJX,del tauru 04,2.1
RFRF2PYQFEG49ZJX,noi gtm,0
RFRF2PYQFEG49ZJX,Guwahati,0
RFRF2PYQFEG49ZJX,hyd kpr,39
RFRF2PYQFEG49ZJX,hyd mrb02,23.4
RFRF2PYQFEG49ZJX,hyd mrb03,15.6
RFRF2PYQFEG49ZJX,kol hoogly,9.6
RFRF2PYQFEG49ZJX,kol mlb,6.4
RFRF2PYQFEG49ZJX,lko ntk,16
RFRF2PYQFEG49ZJX,Patna,15
RFRF2PYQFEG49ZJX,cjb mdk,4
RFRF2PYQFEG49ZJX,luh mdp,0
RFRFD94WNBXFKGJA,ahd bla,0
RFRFD94WNBXFKGJA,blr anekal,21.6
RFRFD94WNBXFKGJA,blr jigni,14.4
RFRFD94WNBXFKGJA,mum ant,45.5
RFRFD94WNBXFKGJA,mum pdg,19.5
RFRFD94WNBXFKGJA,chn thv,0
RFRFD94WNBXFKGJA,Del jjr,58.8
RFRFD94WNBXFKGJA,del tauru01,29.4
RFRFD94WNBXFKGJA,del tauru 04,9.8
RFRFD94WNBXFKGJA,noi gtm,0
RFRFD94WNBXFKGJA,Guwahati,0
RFRFD94WNBXFKGJA,hyd kpr,0
RFRFD94WNBXFKGJA,hyd mrb02,0
RFRFD94WNBXFKGJA,hyd mrb03,0
RFRFD94WNBXFKGJA,kol hoogly,29.4
RFRFD94WNBXFKGJA,kol mlb,19.6
RFRFD94WNBXFKGJA,lko ntk,11
RFRFD94WNBXFKGJA,Patna,0
RFRFD94WNBXFKGJA,cjb mdk,0
RFRFD94WNBXFKGJA,luh mdp,20
RFRFCGB2WKHY8JZ9,ahd bla,2
RFRFCGB2WKHY8JZ9,blr anekal,23.4
RFRFCGB2WKHY8JZ9,blr jigni,15.6
RFRFCGB2WKHY8JZ9,mum ant,49.7
RFRFCGB2WKHY8JZ9,mum pdg,21.3
RFRFCGB2WKHY8JZ9,chn thv,5
RFRFCGB2WKHY8JZ9,Del jjr,0
RFRFCGB2WKHY8JZ9,del tauru01,0
RFRFCGB2WKHY8JZ9,del tauru 04,0
RFRFCGB2WKHY8JZ9,noi gtm,10
RFRFCGB2WKHY8JZ9,Guwahati,11
RFRFCGB2WKHY8JZ9,hyd kpr,20.5
RFRFCGB2WKHY8JZ9,hyd mrb02,12.3
RFRFCGB2WKHY8JZ9,hyd mrb03,8.2
RFRFCGB2WKHY8JZ9,kol hoogly,11.4
RFRFCGB2WKHY8JZ9,kol mlb,7.6
RFRFCGB2WKHY8JZ9,lko ntk,1
RFRFCGB2WKHY8JZ9,Patna,0
RFRFCGB2WKHY8JZ9,cjb mdk,7
RFRFCGB2WKHY8JZ9,luh mdp,0
RFRDZEQ7FYQ5QTSN,ahd bla,16
RFRDZEQ7FYQ5QTSN,blr anekal,24.6
RFRDZEQ7FYQ5QTSN,blr jigni,16.4
RFRDZEQ7FYQ5QTSN,mum ant,35
RFRDZEQ7FYQ5QTSN,mum pdg,15
RFRDZEQ7FYQ5QTSN,chn thv,21
RFRDZEQ7FYQ5QTSN,Del jjr,66.6
RFRDZEQ7FYQ5QTSN,del tauru01,33.3
RFRDZEQ7FYQ5QTSN,del tauru 04,11.1
RFRDZEQ7FYQ5QTSN,noi gtm,10
RFRDZEQ7FYQ5QTSN,Guwahati,5
RFRDZEQ7FYQ5QTSN,hyd kpr,22.5
RFRDZEQ7FYQ5QTSN,hyd mrb02,13.5
RFRDZEQ7FYQ5QTSN,hyd mrb03,9
RFRDZEQ7FYQ5QTSN,kol hoogly,12
RFRDZEQ7FYQ5QTSN,kol mlb,8
RFRDZEQ7FYQ5QTSN,lko ntk,12
RFRDZEQ7FYQ5QTSN,Patna,13
RFRDZEQ7FYQ5QTSN,cjb mdk,12
RFRDZEQ7FYQ5QTSN,luh mdp,8
RFRF3HZZZYTNKSCU,ahd bla,10
RFRF3HZZZYTNKSCU,blr anekal,10.8
RFRF3HZZZYTNKSCU,blr jigni,7.2
RFRF3HZZZYTNKSCU,mum ant,35
RFRF3HZZZYTNKSCU,mum pdg,15
RFRF3HZZZYTNKSCU,chn thv,13
RFRF3HZZZYTNKSCU,Del jjr,70.2
RFRF3HZZZYTNKSCU,del tauru01,35.1
RFRF3HZZZYTNKSCU,del tauru 04,11.7
RFRF3HZZZYTNKSCU,noi gtm,22
RFRF3HZZZYTNKSCU,Guwahati,0
RFRF3HZZZYTNKSCU,hyd kpr,9
RFRF3HZZZYTNKSCU,hyd mrb02,5.4
RFRF3HZZZYTNKSCU,hyd mrb03,3.6
RFRF3HZZZYTNKSCU,kol hoogly,0
RFRF3HZZZYTNKSCU,kol mlb,0
RFRF3HZZZYTNKSCU,lko ntk,0
RFRF3HZZZYTNKSCU,Patna,7
RFRF3HZZZYTNKSCU,cjb mdk,0
RFRF3HZZZYTNKSCU,luh mdp,0
RFRFD94W3PGGD9H2,ahd bla,18
RFRFD94W3PGGD9H2,blr anekal,42.6
RFRFD94W3PGGD9H2,blr jigni,28.4
RFRFD94W3PGGD9H2,mum ant,51.1
RFRFD94W3PGGD9H2,mum pdg,21.9
RFRFD94W3PGGD9H2,chn thv,21
RFRFD94W3PGGD9H2,Del jjr,6
RFRFD94W3PGGD9H2,del tauru01,3
RFRFD94W3PGGD9H2,del tauru 04,1
RFRFD94W3PGGD9H2,noi gtm,7
RFRFD94W3PGGD9H2,Guwahati,3
RFRFD94W3PGGD9H2,hyd kpr,25
RFRFD94W3PGGD9H2,hyd mrb02,15
RFRFD94W3PGGD9H2,hyd mrb03,10
RFRFD94W3PGGD9H2,kol hoogly,24.6
RFRFD94W3PGGD9H2,kol mlb,16.4
RFRFD94W3PGGD9H2,lko ntk,13
RFRFD94W3PGGD9H2,Patna,0
RFRFD94W3PGGD9H2,cjb mdk,12
RFRFD94W3PGGD9H2,luh mdp,0
RFRFD94WYJUPPS4B,ahd bla,0
RFRFD94WYJUPPS4B,blr anekal,30.6
RFRFD94WYJUPPS4B,blr jigni,20.4
RFRFD94WYJUPPS4B,mum ant,39.2
RFRFD94WYJUPPS4B,mum pdg,16.8
RFRFD94WYJUPPS4B,chn thv,42
RFRFD94WYJUPPS4B,Del jjr,1.2
RFRFD94WYJUPPS4B,del tauru01,0.6
RFRFD94WYJUPPS4B,del tauru 04,0.2
RFRFD94WYJUPPS4B,noi gtm,0
RFRFD94WYJUPPS4B,Guwahati,0
RFRFD94WYJUPPS4B,hyd kpr,26
RFRFD94WYJUPPS4B,hyd mrb02,15.6
RFRFD94WYJUPPS4B,hyd mrb03,10.4
RFRFD94WYJUPPS4B,kol hoogly,24
RFRFD94WYJUPPS4B,kol mlb,16
RFRFD94WYJUPPS4B,lko ntk,0
RFRFD94WYJUPPS4B,Patna,0
RFRFD94WYJUPPS4B,cjb mdk,0
RFRFD94WYJUPPS4B,luh mdp,0
RFRFD94WVSUJ5XQB,ahd bla,0
RFRFD94WVSUJ5XQB,blr anekal,30
RFRFD94WVSUJ5XQB,blr jigni,20
RFRFD94WVSUJ5XQB,mum ant,46.9
RFRFD94WVSUJ5XQB,mum pdg,20.1
RFRFD94WVSUJ5XQB,chn thv,12
RFRFD94WVSUJ5XQB,Del jjr,0
RFRFD94WVSUJ5XQB,del tauru01,0
RFRFD94WVSUJ5XQB,del tauru 04,0
RFRFD94WVSUJ5XQB,noi gtm,0
RFRFD94WVSUJ5XQB,Guwahati,0
RFRFD94WVSUJ5XQB,hyd kpr,26.5
RFRFD94WVSUJ5XQB,hyd mrb02,15.9
RFRFD94WVSUJ5XQB,hyd mrb03,10.6
RFRFD94WVSUJ5XQB,kol hoogly,0
RFRFD94WVSUJ5XQB,kol mlb,0
RFRFD94WVSUJ5XQB,lko ntk,1
RFRFD94WVSUJ5XQB,Patna,0
RFRFD94WVSUJ5XQB,cjb mdk,0
RFRFD94WVSUJ5XQB,luh mdp,0
RFRERZJR34ZKU9H2,ahd bla,23
RFRERZJR34ZKU9H2,blr anekal,41.4
RFRERZJR34ZKU9H2,blr jigni,27.6
RFRERZJR34ZKU9H2,mum ant,9.8
RFRERZJR34ZKU9H2,mum pdg,4.2
RFRERZJR34ZKU9H2,chn thv,4
RFRERZJR34ZKU9H2,Del jjr,1.8
RFRERZJR34ZKU9H2,del tauru01,0.9
RFRERZJR34ZKU9H2,del tauru 04,0.3
RFRERZJR34ZKU9H2,noi gtm,9
RFRERZJR34ZKU9H2,Guwahati,3
RFRERZJR34ZKU9H2,hyd kpr,7
RFRERZJR34ZKU9H2,hyd mrb02,4.2
RFRERZJR34ZKU9H2,hyd mrb03,2.8
RFRERZJR34ZKU9H2,kol hoogly,0
RFRERZJR34ZKU9H2,kol mlb,0
RFRERZJR34ZKU9H2,lko ntk,0
RFRERZJR34ZKU9H2,Patna,2
RFRERZJR34ZKU9H2,cjb mdk,4
RFRERZJR34ZKU9H2,luh mdp,0
RFRFD94WRHEKACQV,ahd bla,0
RFRFD94WRHEKACQV,blr anekal,10.2
RFRFD94WRHEKACQV,blr jigni,6.8
RFRFD94WRHEKACQV,mum ant,35
RFRFD94WRHEKACQV,mum pdg,15
RFRFD94WRHEKACQV,chn thv,27
RFRFD94WRHEKACQV,Del jjr,1.8
RFRFD94WRHEKACQV,del tauru01,0.9
RFRFD94WRHEKACQV,del tauru 04,0.3
RFRFD94WRHEKACQV,noi gtm,0
RFRFD94WRHEKACQV,Guwahati,0
RFRFD94WRHEKACQV,hyd kpr,10.5
RFRFD94WRHEKACQV,hyd mrb02,6.3
RFRFD94WRHEKACQV,hyd mrb03,4.2
RFRFD94WRHEKACQV,kol hoogly,0
RFRFD94WRHEKACQV,kol mlb,0
RFRFD94WRHEKACQV,lko ntk,0
RFRFD94WRHEKACQV,Patna,5
RFRFD94WRHEKACQV,cjb mdk,8
RFRFD94WRHEKACQV,luh mdp,0
RFRFFFD8EQNX6M2K,ahd bla,16
RFRFFFD8EQNX6M2K,blr anekal,26.4
RFRFFFD8EQNX6M2K,blr jigni,17.6
RFRFFFD8EQNX6M2K,mum ant,23.8
RFRFFFD8EQNX6M2K,mum pdg,10.2
RFRFFFD8EQNX6M2K,chn thv,25
RFRFFFD8EQNX6M2K,Del jjr,0
RFRFFFD8EQNX6M2K,del tauru01,0
RFRFFFD8EQNX6M2K,del tauru 04,0
RFRFFFD8EQNX6M2K,noi gtm,12
RFRFFFD8EQNX6M2K,Guwahati,4
RFRFFFD8EQNX6M2K,hyd kpr,3.5
RFRFFFD8EQNX6M2K,hyd mrb02,2.1
RFRFFFD8EQNX6M2K,hyd mrb03,1.4
RFRFFFD8EQNX6M2K,kol hoogly,1.2
RFRFFFD8EQNX6M2K,kol mlb,0.8
RFRFFFD8EQNX6M2K,lko ntk,4
RFRFFFD8EQNX6M2K,Patna,0
RFRFFFD8EQNX6M2K,cjb mdk,3
RFRFFFD8EQNX6M2K,luh mdp,0
RFRF2PYQ27CWWZ4A,ahd bla,0
RFRF2PYQ27CWWZ4A,blr anekal,20.4
RFRF2PYQ27CWWZ4A,blr jigni,13.6
RFRF2PYQ27CWWZ4A,mum ant,17.5
RFRF2PYQ27CWWZ4A,mum pdg,7.5
RFRF2PYQ27CWWZ4A,chn thv,42
RFRF2PYQ27CWWZ4A,Del jjr,27
RFRF2PYQ27CWWZ4A,del tauru01,13.5
RFRF2PYQ27CWWZ4A,del tauru 04,4.5
RFRF2PYQ27CWWZ4A,noi gtm,0
RFRF2PYQ27CWWZ4A,Guwahati,0
RFRF2PYQ27CWWZ4A,hyd kpr,18.5
RFRF2PYQ27CWWZ4A,hyd mrb02,11.1
RFRF2PYQ27CWWZ4A,hyd mrb03,7.4
RFRF2PYQ27CWWZ4A,kol hoogly,24
RFRF2PYQ27CWWZ4A,kol mlb,16
RFRF2PYQ27CWWZ4A,lko ntk,0
RFRF2PYQ27CWWZ4A,Patna,1
RFRF2PYQ27CWWZ4A,cjb mdk,0
RFRF2PYQ27CWWZ4A,luh mdp,0
RFRFD94WZGUNAHX5,ahd bla,0
RFRFD94WZGUNAHX5,blr anekal,0
RFRFD94WZGUNAHX5,blr jigni,0
RFRFD94WZGUNAHX5,mum ant,16.1
RFRFD94WZGUNAHX5,mum pdg,6.9
RFRFD94WZGUNAHX5,chn thv,0
RFRFD94WZGUNAHX5,Del jjr,2.4
RFRFD94WZGUNAHX5,del tauru01,1.2
RFRFD94WZGUNAHX5,del tauru 04,0.4
RFRFD94WZGUNAHX5,noi gtm,0
RFRFD94WZGUNAHX5,Guwahati,0
RFRFD94WZGUNAHX5,hyd kpr,0
RFRFD94WZGUNAHX5,hyd mrb02,0
RFRFD94WZGUNAHX5,hyd mrb03,0
RFRFD94WZGUNAHX5,kol hoogly,0
RFRFD94WZGUNAHX5,kol mlb,0
RFRFD94WZGUNAHX5,lko ntk,4
RFRFD94WZGUNAHX5,Patna,0
RFRFD94WZGUNAHX5,cjb mdk,0
RFRFD94WZGUNAHX5,luh mdp,10
RFRFF8WMZFVTGY2X,ahd bla,12
RFRFF8WMZFVTGY2X,blr anekal,13.2
RFRFF8WMZFVTGY2X,blr jigni,8.8
RFRFF8WMZFVTGY2X,mum ant,21.7
RFRFF8WMZFVTGY2X,mum pdg,9.3
RFRFF8WMZFVTGY2X,chn thv,13
RFRFF8WMZFVTGY2X,Del jjr,41.4
RFRFF8WMZFVTGY2X,del tauru01,20.7
RFRFF8WMZFVTGY2X,del tauru 04,6.9
RFRFF8WMZFVTGY2X,noi gtm,24
RFRFF8WMZFVTGY2X,Guwahati,6
RFRFF8WMZFVTGY2X,hyd kpr,5
RFRFF8WMZFVTGY2X,hyd mrb02,3
RFRFF8WMZFVTGY2X,hyd mrb03,2
RFRFF8WMZFVTGY2X,kol hoogly,0
RFRFF8WMZFVTGY2X,kol mlb,0
RFRFF8WMZFVTGY2X,lko ntk,5
RFRFF8WMZFVTGY2X,Patna,0
RFRFF8WMZFVTGY2X,cjb mdk,1
RFRFF8WMZFVTGY2X,luh mdp,2
RFREHS93AGUFVUY8,ahd bla,5
RFREHS93AGUFVUY8,blr anekal,19.8
RFREHS93AGUFVUY8,blr jigni,13.2
RFREHS93AGUFVUY8,mum ant,8.4
RFREHS93AGUFVUY8,mum pdg,3.6
RFREHS93AGUFVUY8,chn thv,29
RFREHS93AGUFVUY8,Del jjr,0
RFREHS93AGUFVUY8,del tauru01,0
RFREHS93AGUFVUY8,del tauru 04,0
RFREHS93AGUFVUY8,noi gtm,0
RFREHS93AGUFVUY8,Guwahati,0
RFREHS93AGUFVUY8,hyd kpr,0
RFREHS93AGUFVUY8,hyd mrb02,0
RFREHS93AGUFVUY8,hyd mrb03,0
RFREHS93AGUFVUY8,kol hoogly,11.4
RFREHS93AGUFVUY8,kol mlb,7.6
RFREHS93AGUFVUY8,lko ntk,0
RFREHS93AGUFVUY8,Patna,3
RFREHS93AGUFVUY8,cjb mdk,0
RFREHS93AGUFVUY8,luh mdp,0
RFRFFFD8BDCVKNRP,ahd bla,3
RFRFFFD8BDCVKNRP,blr anekal,6.6
RFRFFFD8BDCVKNRP,blr jigni,4.4
RFRFFFD8BDCVKNRP,mum ant,17.5
RFRFFFD8BDCVKNRP,mum pdg,7.5
RFRFFFD8BDCVKNRP,chn thv,0
RFRFFFD8BDCVKNRP,Del jjr,0
RFRFFFD8BDCVKNRP,del tauru01,0
RFRFFFD8BDCVKNRP,del tauru 04,0
RFRFFFD8BDCVKNRP,noi gtm,7
RFRFFFD8BDCVKNRP,Guwahati,11
RFRFFFD8BDCVKNRP,hyd kpr,26
RFRFFFD8BDCVKNRP,hyd mrb02,15.6
RFRFFFD8BDCVKNRP,hyd mrb03,10.4
RFRFFFD8BDCVKNRP,kol hoogly,0
RFRFFFD8BDCVKNRP,kol mlb,0
RFRFFFD8BDCVKNRP,lko ntk,4
RFRFFFD8BDCVKNRP,Patna,0
RFRFFFD8BDCVKNRP,cjb mdk,12
RFRFFFD8BDCVKNRP,luh mdp,0
RFRFD94WTQCHDKHY,ahd bla,4
RFRFD94WTQCHDKHY,blr anekal,18.6
RFRFD94WTQCHDKHY,blr jigni,12.4
RFRFD94WTQCHDKHY,mum ant,14.7
RFRFD94WTQCHDKHY,mum pdg,6.3
RFRFD94WTQCHDKHY,chn thv,18
RFRFD94WTQCHDKHY,Del jjr,0.6
RFRFD94WTQCHDKHY,del tauru01,0.3
RFRFD94WTQCHDKHY,del tauru 04,0.1
RFRFD94WTQCHDKHY,noi gtm,8
RFRFD94WTQCHDKHY,Guwahati,4
RFRFD94WTQCHDKHY,hyd kpr,14.5
RFRFD94WTQCHDKHY,hyd mrb02,8.7
RFRFD94WTQCHDKHY,hyd mrb03,5.8
RFRFD94WTQCHDKHY,kol hoogly,0
RFRFD94WTQCHDKHY,kol mlb,0
RFRFD94WTQCHDKHY,lko ntk,0
RFRFD94WTQCHDKHY,Patna,0
RFRFD94WTQCHDKHY,cjb mdk,4
RFRFD94WTQCHDKHY,luh mdp,0
RFRFD94WYH6YKHUR,ahd bla,0
RFRFD94WYH6YKHUR,blr anekal,13.8
RFRFD94WYH6YKHUR,blr jigni,9.2
RFRFD94WYH6YKHUR,mum ant,31.5
RFRFD94WYH6YKHUR,mum pdg,13.5
RFRFD94WYH6YKHUR,chn thv,1
RFRFD94WYH6YKHUR,Del jjr,12
RFRFD94WYH6YKHUR,del tauru01,6
RFRFD94WYH6YKHUR,del tauru 04,2
RFRFD94WYH6YKHUR,noi gtm,0
RFRFD94WYH6YKHUR,Guwahati,0
RFRFD94WYH6YKHUR,hyd kpr,20
RFRFD94WYH6YKHUR,hyd mrb02,12
RFRFD94WYH6YKHUR,hyd mrb03,8
RFRFD94WYH6YKHUR,kol hoogly,11.4
RFRFD94WYH6YKHUR,kol mlb,7.6
RFRFD94WYH6YKHUR,lko ntk,4
RFRFD94WYH6YKHUR,Patna,2
RFRFD94WYH6YKHUR,cjb mdk,0
RFRFD94WYH6YKHUR,luh mdp,0
RFRFD94WMHFFRENP,ahd bla,4
RFRFD94WMHFFRENP,blr anekal,7.8
RFRFD94WMHFFRENP,blr jigni,5.2
RFRFD94WMHFFRENP,mum ant,21
RFRFD94WMHFFRENP,mum pdg,9
RFRFD94WMHFFRENP,chn thv,0
RFRFD94WMHFFRENP,Del jjr,0
RFRFD94WMHFFRENP,del tauru01,0
RFRFD94WMHFFRENP,del tauru 04,0
RFRFD94WMHFFRENP,noi gtm,0
RFRFD94WMHFFRENP,Guwahati,0
RFRFD94WMHFFRENP,hyd kpr,1.5
RFRFD94WMHFFRENP,hyd mrb02,0.9
RFRFD94WMHFFRENP,hyd mrb03,0.6
RFRFD94WMHFFRENP,kol hoogly,0
RFRFD94WMHFFRENP,kol mlb,0
RFRFD94WMHFFRENP,lko ntk,0
RFRFD94WMHFFRENP,Patna,12
RFRFD94WMHFFRENP,cjb mdk,0
RFRFD94WMHFFRENP,luh mdp,0
RFRF7ZXY8S4EH36H,ahd bla,0
RFRF7ZXY8S4EH36H,blr anekal,16.2
RFRF7ZXY8S4EH36H,blr jigni,10.8
RFRF7ZXY8S4EH36H,mum ant,8.4
RFRF7ZXY8S4EH36H,mum pdg,3.6
RFRF7ZXY8S4EH36H,chn thv,1
RFRF7ZXY8S4EH36H,Del jjr,1.2
RFRF7ZXY8S4EH36H,del tauru01,0.6
RFRF7ZXY8S4EH36H,del tauru 04,0.2
RFRF7ZXY8S4EH36H,noi gtm,0
RFRF7ZXY8S4EH36H,Guwahati,0
RFRF7ZXY8S4EH36H,hyd kpr,0
RFRF7ZXY8S4EH36H,hyd mrb02,0
RFRF7ZXY8S4EH36H,hyd mrb03,0
RFRF7ZXY8S4EH36H,kol hoogly,4.2
RFRF7ZXY8S4EH36H,kol mlb,2.8
RFRF7ZXY8S4EH36H,lko ntk,0
RFRF7ZXY8S4EH36H,Patna,2
RFRF7ZXY8S4EH36H,cjb mdk,0
RFRF7ZXY8S4EH36H,luh mdp,0
RFRFD94WRAJXASDD,ahd bla,0
RFRFD94WRAJXASDD,blr anekal,12
RFRFD94WRAJXASDD,blr jigni,8
RFRFD94WRAJXASDD,mum ant,0.7
RFRFD94WRAJXASDD,mum pdg,0.3
RFRFD94WRAJXASDD,chn thv,22
RFRFD94WRAJXASDD,Del jjr,0
RFRFD94WRAJXASDD,del tauru01,0
RFRFD94WRAJXASDD,del tauru 04,0
RFRFD94WRAJXASDD,noi gtm,0
RFRFD94WRAJXASDD,Guwahati,0
RFRFD94WRAJXASDD,hyd kpr,0
RFRFD94WRAJXASDD,hyd mrb02,0
RFRFD94WRAJXASDD,hyd mrb03,0
RFRFD94WRAJXASDD,kol hoogly,0
RFRFD94WRAJXASDD,kol mlb,0
RFRFD94WRAJXASDD,lko ntk,0
RFRFD94WRAJXASDD,Patna,2
RFRFD94WRAJXASDD,cjb mdk,0
RFRFD94WRAJXASDD,luh mdp,0
RFRFE59USABS4WHG,ahd bla,0
RFRFE59USABS4WHG,blr anekal,6
RFRFE59USABS4WHG,blr jigni,4
RFRFE59USABS4WHG,mum ant,23.1
RFRFE59USABS4WHG,mum pdg,9.9
RFRFE59USABS4WHG,chn thv,0
RFRFE59USABS4WHG,Del jjr,15.6
RFRFE59USABS4WHG,del tauru01,7.8
RFRFE59USABS4WHG,del tauru 04,2.6
RFRFE59USABS4WHG,noi gtm,0
RFRFE59USABS4WHG,Guwahati,0
RFRFE59USABS4WHG,hyd kpr,8.5
RFRFE59USABS4WHG,hyd mrb02,5.1
RFRFE59USABS4WHG,hyd mrb03,3.4
RFRFE59USABS4WHG,kol hoogly,7.2
RFRFE59USABS4WHG,kol mlb,4.8
RFRFE59USABS4WHG,lko ntk,0
RFRFE59USABS4WHG,Patna,4
RFRFE59USABS4WHG,cjb mdk,0
RFRFE59USABS4WHG,luh mdp,0
RFRFCKQJAHHGVEJB,ahd bla,3
RFRFCKQJAHHGVEJB,blr anekal,7.2
RFRFCKQJAHHGVEJB,blr jigni,4.8
RFRFCKQJAHHGVEJB,mum ant,4.2
RFRFCKQJAHHGVEJB,mum pdg,1.8
RFRFCKQJAHHGVEJB,chn thv,8
RFRFCKQJAHHGVEJB,Del jjr,6
RFRFCKQJAHHGVEJB,del tauru01,3
RFRFCKQJAHHGVEJB,del tauru 04,1
RFRFCKQJAHHGVEJB,noi gtm,10
RFRFCKQJAHHGVEJB,Guwahati,8
RFRFCKQJAHHGVEJB,hyd kpr,5
RFRFCKQJAHHGVEJB,hyd mrb02,3
RFRFCKQJAHHGVEJB,hyd mrb03,2
RFRFCKQJAHHGVEJB,kol hoogly,0
RFRFCKQJAHHGVEJB,kol mlb,0
RFRFCKQJAHHGVEJB,lko ntk,6
RFRFCKQJAHHGVEJB,Patna,0
RFRFCKQJAHHGVEJB,cjb mdk,2
RFRFCKQJAHHGVEJB,luh mdp,0
RFREWV7YGXGTZK8E,ahd bla,0
RFREWV7YGXGTZK8E,blr anekal,11.4
RFREWV7YGXGTZK8E,blr jigni,7.6
RFREWV7YGXGTZK8E,mum ant,5.6
RFREWV7YGXGTZK8E,mum pdg,2.4
RFREWV7YGXGTZK8E,chn thv,8
RFREWV7YGXGTZK8E,Del jjr,3.6
RFREWV7YGXGTZK8E,del tauru01,1.8
RFREWV7YGXGTZK8E,del tauru 04,0.6
RFREWV7YGXGTZK8E,noi gtm,8
RFREWV7YGXGTZK8E,Guwahati,10
RFREWV7YGXGTZK8E,hyd kpr,5.5
RFREWV7YGXGTZK8E,hyd mrb02,3.3
RFREWV7YGXGTZK8E,hyd mrb03,2.2
RFREWV7YGXGTZK8E,kol hoogly,0.6
RFREWV7YGXGTZK8E,kol mlb,0.4
RFREWV7YGXGTZK8E,lko ntk,1
RFREWV7YGXGTZK8E,Patna,4
RFREWV7YGXGTZK8E,cjb mdk,4
RFREWV7YGXGTZK8E,luh mdp,0
RFRFD94WTNSBYT9Z,ahd bla,0
RFRFD94WTNSBYT9Z,blr anekal,0
RFRFD94WTNSBYT9Z,blr jigni,0
RFRFD94WTNSBYT9Z,mum ant,21
RFRFD94WTNSBYT9Z,mum pdg,9
RFRFD94WTNSBYT9Z,chn thv,0
RFRFD94WTNSBYT9Z,Del jjr,1.2
RFRFD94WTNSBYT9Z,del tauru01,0.6
RFRFD94WTNSBYT9Z,del tauru 04,0.2
RFRFD94WTNSBYT9Z,noi gtm,2
RFRFD94WTNSBYT9Z,Guwahati,1
RFRFD94WTNSBYT9Z,hyd kpr,2
RFRFD94WTNSBYT9Z,hyd mrb02,1.2
RFRFD94WTNSBYT9Z,hyd mrb03,0.8
RFRFD94WTNSBYT9Z,kol hoogly,0
RFRFD94WTNSBYT9Z,kol mlb,0
RFRFD94WTNSBYT9Z,lko ntk,0
RFRFD94WTNSBYT9Z,Patna,0
RFRFD94WTNSBYT9Z,cjb mdk,1
RFRFD94WTNSBYT9Z,luh mdp,1
RFRF7ZXYXTX6AUEY,ahd bla,0
RFRF7ZXYXTX6AUEY,blr anekal,3
RFRF7ZXYXTX6AUEY,blr jigni,2
RFRF7ZXYXTX6AUEY,mum ant,35
RFRF7ZXYXTX6AUEY,mum pdg,15
RFRF7ZXYXTX6AUEY,chn thv,3
RFRF7ZXYXTX6AUEY,Del jjr,0
RFRF7ZXYXTX6AUEY,del tauru01,0
RFRF7ZXYXTX6AUEY,del tauru 04,0
RFRF7ZXYXTX6AUEY,noi gtm,0
RFRF7ZXYXTX6AUEY,Guwahati,0
RFRF7ZXYXTX6AUEY,hyd kpr,2
RFRF7ZXYXTX6AUEY,hyd mrb02,1.2
RFRF7ZXYXTX6AUEY,hyd mrb03,0.8
RFRF7ZXYXTX6AUEY,kol hoogly,1.8
RFRF7ZXYXTX6AUEY,kol mlb,1.2
RFRF7ZXYXTX6AUEY,lko ntk,0
RFRF7ZXYXTX6AUEY,Patna,0
RFRF7ZXYXTX6AUEY,cjb mdk,0
RFRF7ZXYXTX6AUEY,luh mdp,0
RFRFD94WDBP4FSJE,ahd bla,1
RFRFD94WDBP4FSJE,blr anekal,1.2
RFRFD94WDBP4FSJE,blr jigni,0.8
RFRFD94WDBP4FSJE,mum ant,25.2
RFRFD94WDBP4FSJE,mum pdg,10.8
RFRFD94WDBP4FSJE,chn thv,12
RFRFD94WDBP4FSJE,Del jjr,22.8
RFRFD94WDBP4FSJE,del tauru01,11.4
RFRFD94WDBP4FSJE,del tauru 04,3.8
RFRFD94WDBP4FSJE,noi gtm,0
RFRFD94WDBP4FSJE,Guwahati,3
RFRFD94WDBP4FSJE,hyd kpr,0
RFRFD94WDBP4FSJE,hyd mrb02,0
RFRFD94WDBP4FSJE,hyd mrb03,0
RFRFD94WDBP4FSJE,kol hoogly,1.2
RFRFD94WDBP4FSJE,kol mlb,0.8
RFRFD94WDBP4FSJE,lko ntk,0
RFRFD94WDBP4FSJE,Patna,0
RFRFD94WDBP4FSJE,cjb mdk,1
RFRFD94WDBP4FSJE,luh mdp,0
RFRFD94W52HMAZ62,ahd bla,1
RFRFD94W52HMAZ62,blr anekal,26.4
RFRFD94W52HMAZ62,blr jigni,17.6
RFRFD94W52HMAZ62,mum ant,2.1
RFRFD94W52HMAZ62,mum pdg,0.9
RFRFD94W52HMAZ62,chn thv,0
RFRFD94W52HMAZ62,Del jjr,1.2
RFRFD94W52HMAZ62,del tauru01,0.6
RFRFD94W52HMAZ62,del tauru 04,0.2
RFRFD94W52HMAZ62,noi gtm,7
RFRFD94W52HMAZ62,Guwahati,5
RFRFD94W52HMAZ62,hyd kpr,1
RFRFD94W52HMAZ62,hyd mrb02,0.6
RFRFD94W52HMAZ62,hyd mrb03,0.4
RFRFD94W52HMAZ62,kol hoogly,1.2
RFRFD94W52HMAZ62,kol mlb,0.8
RFRFD94W52HMAZ62,lko ntk,0
RFRFD94W52HMAZ62,Patna,0
RFRFD94W52HMAZ62,cjb mdk,8
RFRFD94W52HMAZ62,luh mdp,0
RFRF3ZUTVPZRSFV4,ahd bla,0
RFRF3ZUTVPZRSFV4,blr anekal,7.2
RFRF3ZUTVPZRSFV4,blr jigni,4.8
RFRF3ZUTVPZRSFV4,mum ant,0
RFRF3ZUTVPZRSFV4,mum pdg,0
RFRF3ZUTVPZRSFV4,chn thv,8
RFRF3ZUTVPZRSFV4,Del jjr,0
RFRF3ZUTVPZRSFV4,del tauru01,0
RFRF3ZUTVPZRSFV4,del tauru 04,0
RFRF3ZUTVPZRSFV4,noi gtm,0
RFRF3ZUTVPZRSFV4,Guwahati,0
RFRF3ZUTVPZRSFV4,hyd kpr,2
RFRF3ZUTVPZRSFV4,hyd mrb02,1.2
RFRF3ZUTVPZRSFV4,hyd mrb03,0.8
RFRF3ZUTVPZRSFV4,kol hoogly,4.2
RFRF3ZUTVPZRSFV4,kol mlb,2.8
RFRF3ZUTVPZRSFV4,lko ntk,0
RFRF3ZUTVPZRSFV4,Patna,2
RFRF3ZUTVPZRSFV4,cjb mdk,0
RFRF3ZUTVPZRSFV4,luh mdp,0
RFREJB8HHAC2SGGX,ahd bla,0
RFREJB8HHAC2SGGX,blr anekal,3.6
RFREJB8HHAC2SGGX,blr jigni,2.4
RFREJB8HHAC2SGGX,mum ant,14
RFREJB8HHAC2SGGX,mum pdg,6
RFREJB8HHAC2SGGX,chn thv,10
RFREJB8HHAC2SGGX,Del jjr,2.4
RFREJB8HHAC2SGGX,del tauru01,1.2
RFREJB8HHAC2SGGX,del tauru 04,0.4
RFREJB8HHAC2SGGX,noi gtm,10
RFREJB8HHAC2SGGX,Guwahati,0
RFREJB8HHAC2SGGX,hyd kpr,2
RFREJB8HHAC2SGGX,hyd mrb02,1.2
RFREJB8HHAC2SGGX,hyd mrb03,0.8
RFREJB8HHAC2SGGX,kol hoogly,6
RFREJB8HHAC2SGGX,kol mlb,4
RFREJB8HHAC2SGGX,lko ntk,5
RFREJB8HHAC2SGGX,Patna,5
RFREJB8HHAC2SGGX,cjb mdk,0
RFREJB8HHAC2SGGX,luh mdp,0
RFRFD94WKT8VH7DH,ahd bla,0
RFRFD94WKT8VH7DH,blr anekal,1.8
RFRFD94WKT8VH7DH,blr jigni,1.2
RFRFD94WKT8VH7DH,mum ant,0.7
RFRFD94WKT8VH7DH,mum pdg,0.3
RFRFD94WKT8VH7DH,chn thv,16
RFRFD94WKT8VH7DH,Del jjr,0
RFRFD94WKT8VH7DH,del tauru01,0
RFRFD94WKT8VH7DH,del tauru 04,0
RFRFD94WKT8VH7DH,noi gtm,0
RFRFD94WKT8VH7DH,Guwahati,0
RFRFD94WKT8VH7DH,hyd kpr,4.5
RFRFD94WKT8VH7DH,hyd mrb02,2.7
RFRFD94WKT8VH7DH,hyd mrb03,1.8
RFRFD94WKT8VH7DH,kol hoogly,9
RFRFD94WKT8VH7DH,kol mlb,6
RFRFD94WKT8VH7DH,lko ntk,0
RFRFD94WKT8VH7DH,Patna,0
RFRFD94WKT8VH7DH,cjb mdk,0
RFRFD94WKT8VH7DH,luh mdp,0
RFRFD94WB5JHQVGG,ahd bla,0
RFRFD94WB5JHQVGG,blr anekal,10.8
RFRFD94WB5JHQVGG,blr jigni,7.2
RFRFD94WB5JHQVGG,mum ant,28.7
RFRFD94WB5JHQVGG,mum pdg,12.3
RFRFD94WB5JHQVGG,chn thv,2
RFRFD94WB5JHQVGG,Del jjr,0
RFRFD94WB5JHQVGG,del tauru01,0
RFRFD94WB5JHQVGG,del tauru 04,0
RFRFD94WB5JHQVGG,noi gtm,7
RFRFD94WB5JHQVGG,Guwahati,4
RFRFD94WB5JHQVGG,hyd kpr,1.5
RFRFD94WB5JHQVGG,hyd mrb02,0.9
RFRFD94WB5JHQVGG,hyd mrb03,0.6
RFRFD94WB5JHQVGG,kol hoogly,0
RFRFD94WB5JHQVGG,kol mlb,0
RFRFD94WB5JHQVGG,lko ntk,1
RFRFD94WB5JHQVGG,Patna,2
RFRFD94WB5JHQVGG,cjb mdk,3
RFRFD94WB5JHQVGG,luh mdp,0
RFRFD94W46HVAWBH,ahd bla,0
RFRFD94W46HVAWBH,blr anekal,30
RFRFD94W46HVAWBH,blr jigni,20
RFRFD94W46HVAWBH,mum ant,0
RFRFD94W46HVAWBH,mum pdg,0
RFRFD94W46HVAWBH,chn thv,4
RFRFD94W46HVAWBH,Del jjr,0
RFRFD94W46HVAWBH,del tauru01,0
RFRFD94W46HVAWBH,del tauru 04,0
RFRFD94W46HVAWBH,noi gtm,0
RFRFD94W46HVAWBH,Guwahati,8
RFRFD94W46HVAWBH,hyd kpr,18
RFRFD94W46HVAWBH,hyd mrb02,10.8
RFRFD94W46HVAWBH,hyd mrb03,7.2
RFRFD94W46HVAWBH,kol hoogly,12
RFRFD94W46HVAWBH,kol mlb,8
RFRFD94W46HVAWBH,lko ntk,4
RFRFD94W46HVAWBH,Patna,0
RFRFD94W46HVAWBH,cjb mdk,4
RFRFD94W46HVAWBH,luh mdp,0
RFRFD94WHK4SGERZ,ahd bla,0
RFRFD94WHK4SGERZ,blr anekal,22.2
RFRFD94WHK4SGERZ,blr jigni,14.8
RFRFD94WHK4SGERZ,mum ant,0
RFRFD94WHK4SGERZ,mum pdg,0
RFRFD94WHK4SGERZ,chn thv,8
RFRFD94WHK4SGERZ,Del jjr,0
RFRFD94WHK4SGERZ,del tauru01,0
RFRFD94WHK4SGERZ,del tauru 04,0
RFRFD94WHK4SGERZ,noi gtm,0
RFRFD94WHK4SGERZ,Guwahati,4
RFRFD94WHK4SGERZ,hyd kpr,40
RFRFD94WHK4SGERZ,hyd mrb02,24
RFRFD94WHK4SGERZ,hyd mrb03,16
RFRFD94WHK4SGERZ,kol hoogly,0.6
RFRFD94WHK4SGERZ,kol mlb,0.4
RFRFD94WHK4SGERZ,lko ntk,0
RFRFD94WHK4SGERZ,Patna,1
RFRFD94WHK4SGERZ,cjb mdk,0
RFRFD94WHK4SGERZ,luh mdp,0
RFRFD94WYEFFSMMK,ahd bla,4
RFRFD94WYEFFSMMK,blr anekal,10.8
RFRFD94WYEFFSMMK,blr jigni,7.2
RFRFD94WYEFFSMMK,mum ant,17.5
RFRFD94WYEFFSMMK,mum pdg,7.5
RFRFD94WYEFFSMMK,chn thv,15
RFRFD94WYEFFSMMK,Del jjr,0
RFRFD94WYEFFSMMK,del tauru01,0
RFRFD94WYEFFSMMK,del tauru 04,0
RFRFD94WYEFFSMMK,noi gtm,0
RFRFD94WYEFFSMMK,Guwahati,0
RFRFD94WYEFFSMMK,hyd kpr,15
RFRFD94WYEFFSMMK,hyd mrb02,9
RFRFD94WYEFFSMMK,hyd mrb03,6
RFRFD94WYEFFSMMK,kol hoogly,0
RFRFD94WYEFFSMMK,kol mlb,0
RFRFD94WYEFFSMMK,lko ntk,0
RFRFD94WYEFFSMMK,Patna,6
RFRFD94WYEFFSMMK,cjb mdk,0
RFRFD94WYEFFSMMK,luh mdp,0
RFRFE59UFW3QKZCF,ahd bla,0
RFRFE59UFW3QKZCF,blr anekal,3
RFRFE59UFW3QKZCF,blr jigni,2
RFRFE59UFW3QKZCF,mum ant,0
RFRFE59UFW3QKZCF,mum pdg,0
RFRFE59UFW3QKZCF,chn thv,20
RFRFE59UFW3QKZCF,Del jjr,0
RFRFE59UFW3QKZCF,del tauru01,0
RFRFE59UFW3QKZCF,del tauru 04,0
RFRFE59UFW3QKZCF,noi gtm,0
RFRFE59UFW3QKZCF,Guwahati,0
RFRFE59UFW3QKZCF,hyd kpr,0.5
RFRFE59UFW3QKZCF,hyd mrb02,0.3
RFRFE59UFW3QKZCF,hyd mrb03,0.2
RFRFE59UFW3QKZCF,kol hoogly,0
RFRFE59UFW3QKZCF,kol mlb,0
RFRFE59UFW3QKZCF,lko ntk,0
RFRFE59UFW3QKZCF,Patna,0
RFRFE59UFW3QKZCF,cjb mdk,0
RFRFE59UFW3QKZCF,luh mdp,0
RFRFD94WSPPUXEPG,ahd bla,0
RFRFD94WSPPUXEPG,blr anekal,7.2
RFRFD94WSPPUXEPG,blr jigni,4.8
RFRFD94WSPPUXEPG,mum ant,4.2
RFRFD94WSPPUXEPG,mum pdg,1.8
RFRFD94WSPPUXEPG,chn thv,2
RFRFD94WSPPUXEPG,Del jjr,1.2
RFRFD94WSPPUXEPG,del tauru01,0.6
RFRFD94WSPPUXEPG,del tauru 04,0.2
RFRFD94WSPPUXEPG,noi gtm,0
RFRFD94WSPPUXEPG,Guwahati,3
RFRFD94WSPPUXEPG,hyd kpr,18.5
RFRFD94WSPPUXEPG,hyd mrb02,11.1
RFRFD94WSPPUXEPG,hyd mrb03,7.4
RFRFD94WSPPUXEPG,kol hoogly,3.6
RFRFD94WSPPUXEPG,kol mlb,2.4
RFRFD94WSPPUXEPG,lko ntk,2
RFRFD94WSPPUXEPG,Patna,1
RFRFD94WSPPUXEPG,cjb mdk,7
RFRFD94WSPPUXEPG,luh mdp,0
RFRFCKQJSHGRQJBP,ahd bla,6
RFRFCKQJSHGRQJBP,blr anekal,8.4
RFRFCKQJSHGRQJBP,blr jigni,5.6
RFRFCKQJSHGRQJBP,mum ant,0
RFRFCKQJSHGRQJBP,mum pdg,0
RFRFCKQJSHGRQJBP,chn thv,3
RFRFCKQJSHGRQJBP,Del jjr,0.6
RFRFCKQJSHGRQJBP,del tauru01,0.3
RFRFCKQJSHGRQJBP,del tauru 04,0.1
RFRFCKQJSHGRQJBP,noi gtm,3
RFRFCKQJSHGRQJBP,Guwahati,5
RFRFCKQJSHGRQJBP,hyd kpr,16.5
RFRFCKQJSHGRQJBP,hyd mrb02,9.9
RFRFCKQJSHGRQJBP,hyd mrb03,6.6
RFRFCKQJSHGRQJBP,kol hoogly,3.6
RFRFCKQJSHGRQJBP,kol mlb,2.4
RFRFCKQJSHGRQJBP,lko ntk,0
RFRFCKQJSHGRQJBP,Patna,0
RFRFCKQJSHGRQJBP,cjb mdk,1
RFRFCKQJSHGRQJBP,luh mdp,0
RFREQGFNWRMVRMDH,ahd bla,3
RFREQGFNWRMVRMDH,blr anekal,1.8
RFREQGFNWRMVRMDH,blr jigni,1.2
RFREQGFNWRMVRMDH,mum ant,18.2
RFREQGFNWRMVRMDH,mum pdg,7.8
RFREQGFNWRMVRMDH,chn thv,4
RFREQGFNWRMVRMDH,Del jjr,0
RFREQGFNWRMVRMDH,del tauru01,0
RFREQGFNWRMVRMDH,del tauru 04,0
RFREQGFNWRMVRMDH,noi gtm,6
RFREQGFNWRMVRMDH,Guwahati,4
RFREQGFNWRMVRMDH,hyd kpr,2.5
RFREQGFNWRMVRMDH,hyd mrb02,1.5
RFREQGFNWRMVRMDH,hyd mrb03,1
RFREQGFNWRMVRMDH,kol hoogly,0.6
RFREQGFNWRMVRMDH,kol mlb,0.4
RFREQGFNWRMVRMDH,lko ntk,3
RFREQGFNWRMVRMDH,Patna,0
RFREQGFNWRMVRMDH,cjb mdk,2
RFREQGFNWRMVRMDH,luh mdp,3
RFRFD94WHFENUZCM,ahd bla,0
RFRFD94WHFENUZCM,blr anekal,7.8
RFRFD94WHFENUZCM,blr jigni,5.2
RFRFD94WHFENUZCM,mum ant,0
RFRFD94WHFENUZCM,mum pdg,0
RFRFD94WHFENUZCM,chn thv,1
RFRFD94WHFENUZCM,Del jjr,24.6
RFRFD94WHFENUZCM,del tauru01,12.3
RFRFD94WHFENUZCM,del tauru 04,4.1
RFRFD94WHFENUZCM,noi gtm,0
RFRFD94WHFENUZCM,Guwahati,0
RFRFD94WHFENUZCM,hyd kpr,1
RFRFD94WHFENUZCM,hyd mrb02,0.6
RFRFD94WHFENUZCM,hyd mrb03,0.4
RFRFD94WHFENUZCM,kol hoogly,0
RFRFD94WHFENUZCM,kol mlb,0
RFRFD94WHFENUZCM,lko ntk,2
RFRFD94WHFENUZCM,Patna,0
RFRFD94WHFENUZCM,cjb mdk,0
RFRFD94WHFENUZCM,luh mdp,6
RFRFBAZPZRVXHWJU,ahd bla,10
RFRFBAZPZRVXHWJU,blr anekal,4.2
RFRFBAZPZRVXHWJU,blr jigni,2.8
RFRFBAZPZRVXHWJU,mum ant,0.7
RFRFBAZPZRVXHWJU,mum pdg,0.3
RFRFBAZPZRVXHWJU,chn thv,7
RFRFBAZPZRVXHWJU,Del jjr,3.6
RFRFBAZPZRVXHWJU,del tauru01,1.8
RFRFBAZPZRVXHWJU,del tauru 04,0.6
RFRFBAZPZRVXHWJU,noi gtm,1
RFRFBAZPZRVXHWJU,Guwahati,0
RFRFBAZPZRVXHWJU,hyd kpr,0
RFRFBAZPZRVXHWJU,hyd mrb02,0
RFRFBAZPZRVXHWJU,hyd mrb03,0
RFRFBAZPZRVXHWJU,kol hoogly,0
RFRFBAZPZRVXHWJU,kol mlb,0
RFRFBAZPZRVXHWJU,lko ntk,6
RFRFBAZPZRVXHWJU,Patna,0
RFRFBAZPZRVXHWJU,cjb mdk,6
RFRFBAZPZRVXHWJU,luh mdp,0
RFRFD94WEGPY8MAM,ahd bla,0
RFRFD94WEGPY8MAM,blr anekal,12.6
RFRFD94WEGPY8MAM,blr jigni,8.4
RFRFD94WEGPY8MAM,mum ant,0
RFRFD94WEGPY8MAM,mum pdg,0
RFRFD94WEGPY8MAM,chn thv,19
RFRFD94WEGPY8MAM,Del jjr,0
RFRFD94WEGPY8MAM,del tauru01,0
RFRFD94WEGPY8MAM,del tauru 04,0
RFRFD94WEGPY8MAM,noi gtm,10
RFRFD94WEGPY8MAM,Guwahati,0
RFRFD94WEGPY8MAM,hyd kpr,0
RFRFD94WEGPY8MAM,hyd mrb02,0
RFRFD94WEGPY8MAM,hyd mrb03,0
RFRFD94WEGPY8MAM,kol hoogly,4.8
RFRFD94WEGPY8MAM,kol mlb,3.2
RFRFD94WEGPY8MAM,lko ntk,0
RFRFD94WEGPY8MAM,Patna,1
RFRFD94WEGPY8MAM,cjb mdk,0
RFRFD94WEGPY8MAM,luh mdp,0
RFRF3HZZRRWYW7FV,ahd bla,0
RFRF3HZZRRWYW7FV,blr anekal,1.2
RFRF3HZZRRWYW7FV,blr jigni,0.8
RFRF3HZZRRWYW7FV,mum ant,0
RFRF3HZZRRWYW7FV,mum pdg,0
RFRF3HZZRRWYW7FV,chn thv,4
RFRF3HZZRRWYW7FV,Del jjr,0
RFRF3HZZRRWYW7FV,del tauru01,0
RFRF3HZZRRWYW7FV,del tauru 04,0
RFRF3HZZRRWYW7FV,noi gtm,0
RFRF3HZZRRWYW7FV,Guwahati,0
RFRF3HZZRRWYW7FV,hyd kpr,2
RFRF3HZZRRWYW7FV,hyd mrb02,1.2
RFRF3HZZRRWYW7FV,hyd mrb03,0.8
RFRF3HZZRRWYW7FV,kol hoogly,0
RFRF3HZZRRWYW7FV,kol mlb,0
RFRF3HZZRRWYW7FV,lko ntk,0
RFRF3HZZRRWYW7FV,Patna,1
RFRF3HZZRRWYW7FV,cjb mdk,0
RFRF3HZZRRWYW7FV,luh mdp,0
RFRFE59UG8QSMP7E,ahd bla,0
RFRFE59UG8QSMP7E,blr anekal,3.6
RFRFE59UG8QSMP7E,blr jigni,2.4
RFRFE59UG8QSMP7E,mum ant,0
RFRFE59UG8QSMP7E,mum pdg,0
RFRFE59UG8QSMP7E,chn thv,8
RFRFE59UG8QSMP7E,Del jjr,0
RFRFE59UG8QSMP7E,del tauru01,0
RFRFE59UG8QSMP7E,del tauru 04,0
RFRFE59UG8QSMP7E,noi gtm,0
RFRFE59UG8QSMP7E,Guwahati,0
RFRFE59UG8QSMP7E,hyd kpr,2
RFRFE59UG8QSMP7E,hyd mrb02,1.2
RFRFE59UG8QSMP7E,hyd mrb03,0.8
RFRFE59UG8QSMP7E,kol hoogly,0
RFRFE59UG8QSMP7E,kol mlb,0
RFRFE59UG8QSMP7E,lko ntk,0
RFRFE59UG8QSMP7E,Patna,0
RFRFE59UG8QSMP7E,cjb mdk,0
RFRFE59UG8QSMP7E,luh mdp,0
RFRFD94WQANYV3HY,ahd bla,0
RFRFD94WQANYV3HY,blr anekal,0
RFRFD94WQANYV3HY,blr jigni,0
RFRFD94WQANYV3HY,mum ant,0
RFRFD94WQANYV3HY,mum pdg,0
RFRFD94WQANYV3HY,chn thv,2
RFRFD94WQANYV3HY,Del jjr,1.8
RFRFD94WQANYV3HY,del tauru01,0.9
RFRFD94WQANYV3HY,del tauru 04,0.3
RFRFD94WQANYV3HY,noi gtm,0
RFRFD94WQANYV3HY,Guwahati,0
RFRFD94WQANYV3HY,hyd kpr,0
RFRFD94WQANYV3HY,hyd mrb02,0
RFRFD94WQANYV3HY,hyd mrb03,0
RFRFD94WQANYV3HY,kol hoogly,0
RFRFD94WQANYV3HY,kol mlb,0
RFRFD94WQANYV3HY,lko ntk,0
RFRFD94WQANYV3HY,Patna,0
RFRFD94WQANYV3HY,cjb mdk,0
RFRFD94WQANYV3HY,luh mdp,0
RFRFD94WAUH3YR7V,ahd bla,0
RFRFD94WAUH3YR7V,blr anekal,1.8
RFRFD94WAUH3YR7V,blr jigni,1.2
RFRFD94WAUH3YR7V,mum ant,0
RFRFD94WAUH3YR7V,mum pdg,0
RFRFD94WAUH3YR7V,chn thv,1
RFRFD94WAUH3YR7V,Del jjr,0
RFRFD94WAUH3YR7V,del tauru01,0
RFRFD94WAUH3YR7V,del tauru 04,0
RFRFD94WAUH3YR7V,noi gtm,0
RFRFD94WAUH3YR7V,Guwahati,0
RFRFD94WAUH3YR7V,hyd kpr,0.5
RFRFD94WAUH3YR7V,hyd mrb02,0.3
RFRFD94WAUH3YR7V,hyd mrb03,0.2
RFRFD94WAUH3YR7V,kol hoogly,0
RFRFD94WAUH3YR7V,kol mlb,0
RFRFD94WAUH3YR7V,lko ntk,0
RFRFD94WAUH3YR7V,Patna,2
RFRFD94WAUH3YR7V,cjb mdk,0
RFRFD94WAUH3YR7V,luh mdp,0
RFRFD94WU2UXNFU5,ahd bla,0
RFRFD94WU2UXNFU5,blr anekal,0
RFRFD94WU2UXNFU5,blr jigni,0
RFRFD94WU2UXNFU5,mum ant,2.8
RFRFD94WU2UXNFU5,mum pdg,1.2
RFRFD94WU2UXNFU5,chn thv,0
RFRFD94WU2UXNFU5,Del jjr,0
RFRFD94WU2UXNFU5,del tauru01,0
RFRFD94WU2UXNFU5,del tauru 04,0
RFRFD94WU2UXNFU5,noi gtm,0
RFRFD94WU2UXNFU5,Guwahati,0
RFRFD94WU2UXNFU5,hyd kpr,0.5
RFRFD94WU2UXNFU5,hyd mrb02,0.3
RFRFD94WU2UXNFU5,hyd mrb03,0.2
RFRFD94WU2UXNFU5,kol hoogly,0
RFRFD94WU2UXNFU5,kol mlb,0
RFRFD94WU2UXNFU5,lko ntk,0
RFRFD94WU2UXNFU5,Patna,0
RFRFD94WU2UXNFU5,cjb mdk,0
RFRFD94WU2UXNFU5,luh mdp,0